x,y,z,num_droplets,volume,RoI
0.0,0.0,1.25,0.0,0.0,0.0
0.1,0.0,1.25,3.6,8.687992e-07,0.43965328
0.2,0.0,1.25,0.6,7.2367826e-08,0.04709989
0.3,0.0,1.25,26.4,4.07979e-07,0.2381351
0.4,0.0,1.25,0.0,0.0,0.0
0.5,0.0,1.25,0.0,0.0,0.0
0.6,0.0,1.25,0.0,0.0,0.0
0.7,0.0,1.25,0.0,0.0,0.0
0.8,0.0,1.25,0.0,0.0,0.0
0.9,0.0,1.25,0.0,0.0,0.0
1.0,0.0,1.25,0.0,0.0,0.0
1.1,0.0,1.25,0.0,0.0,0.0
1.2,0.0,1.25,0.0,0.0,0.0
1.3,0.0,1.25,0.0,0.0,0.0
1.4,0.0,1.25,0.0,0.0,0.0
1.5,0.0,1.25,0.0,0.0,0.0
1.6,0.0,1.25,0.0,0.0,0.0
1.7,0.0,1.25,0.0,0.0,0.0
1.8,0.0,1.25,0.0,0.0,0.0
1.9,0.0,1.25,0.0,0.0,0.0
2.0,0.0,1.25,0.0,0.0,0.0
2.1,0.0,1.25,0.0,0.0,0.0
2.2,0.0,1.25,0.0,0.0,0.0
2.3,0.0,1.25,0.0,0.0,0.0
2.4,0.0,1.25,0.0,0.0,0.0
2.5,0.0,1.25,0.0,0.0,0.0
2.6,0.0,1.25,0.0,0.0,0.0
2.7,0.0,1.25,0.0,0.0,0.0
2.8,0.0,1.25,0.0,0.0,0.0
2.9,0.0,1.25,0.0,0.0,0.0
3.0,0.0,1.25,0.0,0.0,0.0
3.1,0.0,1.25,0.0,0.0,0.0
3.2,0.0,1.25,0.0,0.0,0.0
3.3,0.0,1.25,0.0,0.0,0.0
3.4,0.0,1.25,0.0,0.0,0.0
3.5,0.0,1.25,0.0,0.0,0.0
3.6,0.0,1.25,0.0,0.0,0.0
3.7,0.0,1.25,0.0,0.0,0.0
3.8,0.0,1.25,0.0,0.0,0.0
3.9,0.0,1.25,0.0,0.0,0.0
4.0,0.0,1.25,0.0,0.0,0.0
4.1,0.0,1.25,0.0,0.0,0.0
4.2,0.0,1.25,0.0,0.0,0.0
4.3,0.0,1.25,0.0,0.0,0.0
4.4,0.0,1.25,0.0,0.0,0.0
4.5,0.0,1.25,0.0,0.0,0.0
4.6,0.0,1.25,0.0,0.0,0.0
4.7,0.0,1.25,0.0,0.0,0.0
4.8,0.0,1.25,0.0,0.0,0.0
4.9,0.0,1.25,0.0,0.0,0.0
5.0,0.0,1.25,0.0,0.0,0.0
5.1,0.0,1.25,0.0,0.0,0.0
5.2,0.0,1.25,0.0,0.0,0.0
5.3,0.0,1.25,0.0,0.0,0.0
5.4,0.0,1.25,0.0,0.0,0.0
5.5,0.0,1.25,0.0,0.0,0.0
5.6,0.0,1.25,0.0,0.0,0.0
5.7,0.0,1.25,0.0,0.0,0.0
5.8,0.0,1.25,0.0,0.0,0.0
5.9,0.0,1.25,0.0,0.0,0.0
0.0,0.1,1.25,3.0,2.69516e-09,0.0017951727
0.1,0.1,1.25,78.2,5.389028e-06,0.9724757
0.2,0.1,1.25,1.4,1.3700092e-09,0.00091290474
0.3,0.1,1.25,12.0,2.117176e-07,0.13163668
0.4,0.1,1.25,0.0,0.0,0.0
0.5,0.1,1.25,0.0,0.0,0.0
0.6,0.1,1.25,0.0,0.0,0.0
0.7,0.1,1.25,0.0,0.0,0.0
0.8,0.1,1.25,0.0,0.0,0.0
0.9,0.1,1.25,0.0,0.0,0.0
1.0,0.1,1.25,0.0,0.0,0.0
1.1,0.1,1.25,0.0,0.0,0.0
1.2,0.1,1.25,0.0,0.0,0.0
1.3,0.1,1.25,0.0,0.0,0.0
1.4,0.1,1.25,0.0,0.0,0.0
1.5,0.1,1.25,0.0,0.0,0.0
1.6,0.1,1.25,0.0,0.0,0.0
1.7,0.1,1.25,0.0,0.0,0.0
1.8,0.1,1.25,0.0,0.0,0.0
1.9,0.1,1.25,0.0,0.0,0.0
2.0,0.1,1.25,0.0,0.0,0.0
2.1,0.1,1.25,0.0,0.0,0.0
2.2,0.1,1.25,0.0,0.0,0.0
2.3,0.1,1.25,0.0,0.0,0.0
2.4,0.1,1.25,0.0,0.0,0.0
2.5,0.1,1.25,0.0,0.0,0.0
2.6,0.1,1.25,0.0,0.0,0.0
2.7,0.1,1.25,0.0,0.0,0.0
2.8,0.1,1.25,0.0,0.0,0.0
2.9,0.1,1.25,0.0,0.0,0.0
3.0,0.1,1.25,0.0,0.0,0.0
3.1,0.1,1.25,0.0,0.0,0.0
3.2,0.1,1.25,0.0,0.0,0.0
3.3,0.1,1.25,0.0,0.0,0.0
3.4,0.1,1.25,0.0,0.0,0.0
3.5,0.1,1.25,0.0,0.0,0.0
3.6,0.1,1.25,0.0,0.0,0.0
3.7,0.1,1.25,0.0,0.0,0.0
3.8,0.1,1.25,0.0,0.0,0.0
3.9,0.1,1.25,0.0,0.0,0.0
4.0,0.1,1.25,0.0,0.0,0.0
4.1,0.1,1.25,0.0,0.0,0.0
4.2,0.1,1.25,0.0,0.0,0.0
4.3,0.1,1.25,0.0,0.0,0.0
4.4,0.1,1.25,0.0,0.0,0.0
4.5,0.1,1.25,0.0,0.0,0.0
4.6,0.1,1.25,0.0,0.0,0.0
4.7,0.1,1.25,0.0,0.0,0.0
4.8,0.1,1.25,0.0,0.0,0.0
4.9,0.1,1.25,0.0,0.0,0.0
5.0,0.1,1.25,0.0,0.0,0.0
5.1,0.1,1.25,0.0,0.0,0.0
5.2,0.1,1.25,0.0,0.0,0.0
5.3,0.1,1.25,0.0,0.0,0.0
5.4,0.1,1.25,0.0,0.0,0.0
5.5,0.1,1.25,0.0,0.0,0.0
5.6,0.1,1.25,0.0,0.0,0.0
5.7,0.1,1.25,0.0,0.0,0.0
5.8,0.1,1.25,0.0,0.0,0.0
5.9,0.1,1.25,0.0,0.0,0.0
0.0,0.2,1.25,38.0,2.293272e-08,0.0151721835
0.1,0.2,1.25,50.4,3.5393901e-07,0.2101872
0.2,0.2,1.25,0.6,1.15086995e-10,7.671118e-05
0.3,0.2,1.25,0.0,0.0,0.0
0.4,0.2,1.25,0.0,0.0,0.0
0.5,0.2,1.25,0.0,0.0,0.0
0.6,0.2,1.25,0.0,0.0,0.0
0.7,0.2,1.25,0.0,0.0,0.0
0.8,0.2,1.25,0.0,0.0,0.0
0.9,0.2,1.25,0.0,0.0,0.0
1.0,0.2,1.25,0.0,0.0,0.0
1.1,0.2,1.25,0.0,0.0,0.0
1.2,0.2,1.25,0.0,0.0,0.0
1.3,0.2,1.25,0.0,0.0,0.0
1.4,0.2,1.25,0.0,0.0,0.0
1.5,0.2,1.25,0.0,0.0,0.0
1.6,0.2,1.25,0.0,0.0,0.0
1.7,0.2,1.25,0.0,0.0,0.0
1.8,0.2,1.25,0.0,0.0,0.0
1.9,0.2,1.25,0.0,0.0,0.0
2.0,0.2,1.25,0.0,0.0,0.0
2.1,0.2,1.25,0.0,0.0,0.0
2.2,0.2,1.25,0.0,0.0,0.0
2.3,0.2,1.25,0.0,0.0,0.0
2.4,0.2,1.25,0.0,0.0,0.0
2.5,0.2,1.25,0.0,0.0,0.0
2.6,0.2,1.25,0.0,0.0,0.0
2.7,0.2,1.25,0.0,0.0,0.0
2.8,0.2,1.25,0.0,0.0,0.0
2.9,0.2,1.25,0.0,0.0,0.0
3.0,0.2,1.25,0.0,0.0,0.0
3.1,0.2,1.25,0.0,0.0,0.0
3.2,0.2,1.25,0.0,0.0,0.0
3.3,0.2,1.25,0.0,0.0,0.0
3.4,0.2,1.25,0.0,0.0,0.0
3.5,0.2,1.25,0.0,0.0,0.0
3.6,0.2,1.25,0.0,0.0,0.0
3.7,0.2,1.25,0.0,0.0,0.0
3.8,0.2,1.25,0.0,0.0,0.0
3.9,0.2,1.25,0.0,0.0,0.0
4.0,0.2,1.25,0.0,0.0,0.0
4.1,0.2,1.25,0.0,0.0,0.0
4.2,0.2,1.25,0.0,0.0,0.0
4.3,0.2,1.25,0.0,0.0,0.0
4.4,0.2,1.25,0.0,0.0,0.0
4.5,0.2,1.25,0.0,0.0,0.0
4.6,0.2,1.25,0.0,0.0,0.0
4.7,0.2,1.25,0.0,0.0,0.0
4.8,0.2,1.25,0.0,0.0,0.0
4.9,0.2,1.25,0.0,0.0,0.0
5.0,0.2,1.25,0.0,0.0,0.0
5.1,0.2,1.25,0.0,0.0,0.0
5.2,0.2,1.25,0.0,0.0,0.0
5.3,0.2,1.25,0.0,0.0,0.0
5.4,0.2,1.25,0.0,0.0,0.0
5.5,0.2,1.25,0.0,0.0,0.0
5.6,0.2,1.25,0.0,0.0,0.0
5.7,0.2,1.25,0.0,0.0,0.0
5.8,0.2,1.25,0.0,0.0,0.0
5.9,0.2,1.25,0.0,0.0,0.0
0.0,0.3,1.25,91.8,1.6874618e-07,0.10640037
0.1,0.3,1.25,33.2,3.25609e-07,0.1951285
0.2,0.3,1.25,12.4,8.108136e-08,0.05261928
0.3,0.3,1.25,0.0,0.0,0.0
0.4,0.3,1.25,0.8,5.11817e-08,0.033545554
0.5,0.3,1.25,0.0,0.0,0.0
0.6,0.3,1.25,0.0,0.0,0.0
0.7,0.3,1.25,0.8,1.468531e-07,0.093262315
0.8,0.3,1.25,0.6,7.669904e-08,0.049847424
0.9,0.3,1.25,0.0,0.0,0.0
1.0,0.3,1.25,0.0,0.0,0.0
1.1,0.3,1.25,0.0,0.0,0.0
1.2,0.3,1.25,0.0,0.0,0.0
1.3,0.3,1.25,0.0,0.0,0.0
1.4,0.3,1.25,0.0,0.0,0.0
1.5,0.3,1.25,0.0,0.0,0.0
1.6,0.3,1.25,0.0,0.0,0.0
1.7,0.3,1.25,0.0,0.0,0.0
1.8,0.3,1.25,0.0,0.0,0.0
1.9,0.3,1.25,0.0,0.0,0.0
2.0,0.3,1.25,0.0,0.0,0.0
2.1,0.3,1.25,0.0,0.0,0.0
2.2,0.3,1.25,0.0,0.0,0.0
2.3,0.3,1.25,0.0,0.0,0.0
2.4,0.3,1.25,0.0,0.0,0.0
2.5,0.3,1.25,0.0,0.0,0.0
2.6,0.3,1.25,0.0,0.0,0.0
2.7,0.3,1.25,0.0,0.0,0.0
2.8,0.3,1.25,0.0,0.0,0.0
2.9,0.3,1.25,0.0,0.0,0.0
3.0,0.3,1.25,0.0,0.0,0.0
3.1,0.3,1.25,0.0,0.0,0.0
3.2,0.3,1.25,0.0,0.0,0.0
3.3,0.3,1.25,0.0,0.0,0.0
3.4,0.3,1.25,0.0,0.0,0.0
3.5,0.3,1.25,0.0,0.0,0.0
3.6,0.3,1.25,0.0,0.0,0.0
3.7,0.3,1.25,0.0,0.0,0.0
3.8,0.3,1.25,0.0,0.0,0.0
3.9,0.3,1.25,0.0,0.0,0.0
4.0,0.3,1.25,0.0,0.0,0.0
4.1,0.3,1.25,0.0,0.0,0.0
4.2,0.3,1.25,0.0,0.0,0.0
4.3,0.3,1.25,0.0,0.0,0.0
4.4,0.3,1.25,0.0,0.0,0.0
4.5,0.3,1.25,0.0,0.0,0.0
4.6,0.3,1.25,0.0,0.0,0.0
4.7,0.3,1.25,0.0,0.0,0.0
4.8,0.3,1.25,0.0,0.0,0.0
4.9,0.3,1.25,0.0,0.0,0.0
5.0,0.3,1.25,0.0,0.0,0.0
5.1,0.3,1.25,0.0,0.0,0.0
5.2,0.3,1.25,0.0,0.0,0.0
5.3,0.3,1.25,0.0,0.0,0.0
5.4,0.3,1.25,0.0,0.0,0.0
5.5,0.3,1.25,0.0,0.0,0.0
5.6,0.3,1.25,0.0,0.0,0.0
5.7,0.3,1.25,0.0,0.0,0.0
5.8,0.3,1.25,0.0,0.0,0.0
5.9,0.3,1.25,0.0,0.0,0.0
0.0,0.4,1.25,184.8,2.13863e-06,0.75967264
0.1,0.4,1.25,216.19998,1.204984e-06,0.5521616
0.2,0.4,1.25,21.4,1.0388634e-06,0.49971414
0.3,0.4,1.25,7.8,8.7916e-07,0.4435103
0.4,0.4,1.25,60.6,2.527278e-06,0.8145281
0.5,0.4,1.25,3.6,3.8570903e-07,0.22673953
0.6,0.4,1.25,2.4,2.046564e-07,0.12753928
0.7,0.4,1.25,2.4,2.81243e-07,0.17096698
0.8,0.4,1.25,4.8,1.4894138e-07,0.09452379
0.9,0.4,1.25,11.2,2.175278e-07,0.13499373
1.0,0.4,1.25,8.8,7.327184e-07,0.38644105
1.1,0.4,1.25,1.4,4.464906e-07,0.25744653
1.2,0.4,1.25,0.0,0.0,0.0
1.3,0.4,1.25,0.0,0.0,0.0
1.4,0.4,1.25,0.0,0.0,0.0
1.5,0.4,1.25,0.0,0.0,0.0
1.6,0.4,1.25,0.0,0.0,0.0
1.7,0.4,1.25,0.0,0.0,0.0
1.8,0.4,1.25,0.0,0.0,0.0
1.9,0.4,1.25,0.0,0.0,0.0
2.0,0.4,1.25,0.0,0.0,0.0
2.1,0.4,1.25,0.0,0.0,0.0
2.2,0.4,1.25,0.0,0.0,0.0
2.3,0.4,1.25,0.0,0.0,0.0
2.4,0.4,1.25,0.0,0.0,0.0
2.5,0.4,1.25,0.0,0.0,0.0
2.6,0.4,1.25,0.0,0.0,0.0
2.7,0.4,1.25,0.0,0.0,0.0
2.8,0.4,1.25,0.0,0.0,0.0
2.9,0.4,1.25,0.0,0.0,0.0
3.0,0.4,1.25,0.0,0.0,0.0
3.1,0.4,1.25,0.0,0.0,0.0
3.2,0.4,1.25,0.0,0.0,0.0
3.3,0.4,1.25,0.0,0.0,0.0
3.4,0.4,1.25,0.0,0.0,0.0
3.5,0.4,1.25,0.0,0.0,0.0
3.6,0.4,1.25,0.0,0.0,0.0
3.7,0.4,1.25,0.0,0.0,0.0
3.8,0.4,1.25,0.0,0.0,0.0
3.9,0.4,1.25,0.0,0.0,0.0
4.0,0.4,1.25,0.0,0.0,0.0
4.1,0.4,1.25,0.0,0.0,0.0
4.2,0.4,1.25,0.0,0.0,0.0
4.3,0.4,1.25,0.0,0.0,0.0
4.4,0.4,1.25,0.0,0.0,0.0
4.5,0.4,1.25,0.0,0.0,0.0
4.6,0.4,1.25,0.0,0.0,0.0
4.7,0.4,1.25,0.0,0.0,0.0
4.8,0.4,1.25,0.0,0.0,0.0
4.9,0.4,1.25,0.0,0.0,0.0
5.0,0.4,1.25,0.0,0.0,0.0
5.1,0.4,1.25,0.0,0.0,0.0
5.2,0.4,1.25,0.0,0.0,0.0
5.3,0.4,1.25,0.0,0.0,0.0
5.4,0.4,1.25,0.0,0.0,0.0
5.5,0.4,1.25,0.0,0.0,0.0
5.6,0.4,1.25,0.0,0.0,0.0
5.7,0.4,1.25,0.0,0.0,0.0
5.8,0.4,1.25,0.0,0.0,0.0
5.9,0.4,1.25,0.0,0.0,0.0
0.0,0.5,1.25,229.00002,2.17993e-06,0.7661994
0.1,0.5,1.25,482.2,1.0827987e-05,0.9992672
0.2,0.5,1.25,370.6,1.5115851e-05,0.999958
0.3,0.5,1.25,702.6,2.3799821e-05,0.9999999
0.4,0.5,1.25,734.7999,5.736002e-05,1.0
0.5,0.5,1.25,1027.6,4.688388e-05,1.0
0.6,0.5,1.25,1286.0,0.00017193504,1.0
0.7,0.5,1.25,424.79996,0.0006228634,1.0
0.8,0.5,1.25,31.2,0.002110296,1.0
0.9,0.5,1.25,596.6,0.003876036,1.0
1.0,0.5,1.25,951.2,0.004245124,1.0
1.1,0.5,1.25,0.8,2.3602861e-07,0.1455971
1.2,0.5,1.25,0.0,0.0,0.0
1.3,0.5,1.25,0.0,0.0,0.0
1.4,0.5,1.25,0.0,0.0,0.0
1.5,0.5,1.25,0.0,0.0,0.0
1.6,0.5,1.25,0.0,0.0,0.0
1.7,0.5,1.25,0.0,0.0,0.0
1.8,0.5,1.25,0.0,0.0,0.0
1.9,0.5,1.25,0.0,0.0,0.0
2.0,0.5,1.25,0.0,0.0,0.0
2.1,0.5,1.25,0.0,0.0,0.0
2.2,0.5,1.25,0.0,0.0,0.0
2.3,0.5,1.25,0.0,0.0,0.0
2.4,0.5,1.25,0.0,0.0,0.0
2.5,0.5,1.25,0.0,0.0,0.0
2.6,0.5,1.25,0.0,0.0,0.0
2.7,0.5,1.25,0.0,0.0,0.0
2.8,0.5,1.25,0.0,0.0,0.0
2.9,0.5,1.25,0.0,0.0,0.0
3.0,0.5,1.25,0.0,0.0,0.0
3.1,0.5,1.25,0.0,0.0,0.0
3.2,0.5,1.25,0.0,0.0,0.0
3.3,0.5,1.25,0.0,0.0,0.0
3.4,0.5,1.25,0.0,0.0,0.0
3.5,0.5,1.25,0.0,0.0,0.0
3.6,0.5,1.25,0.0,0.0,0.0
3.7,0.5,1.25,0.0,0.0,0.0
3.8,0.5,1.25,0.0,0.0,0.0
3.9,0.5,1.25,0.0,0.0,0.0
4.0,0.5,1.25,0.0,0.0,0.0
4.1,0.5,1.25,0.0,0.0,0.0
4.2,0.5,1.25,0.0,0.0,0.0
4.3,0.5,1.25,0.0,0.0,0.0
4.4,0.5,1.25,0.0,0.0,0.0
4.5,0.5,1.25,0.0,0.0,0.0
4.6,0.5,1.25,0.0,0.0,0.0
4.7,0.5,1.25,0.0,0.0,0.0
4.8,0.5,1.25,0.0,0.0,0.0
4.9,0.5,1.25,0.0,0.0,0.0
5.0,0.5,1.25,0.0,0.0,0.0
5.1,0.5,1.25,0.0,0.0,0.0
5.2,0.5,1.25,0.0,0.0,0.0
5.3,0.5,1.25,0.0,0.0,0.0
5.4,0.5,1.25,0.0,0.0,0.0
5.5,0.5,1.25,0.0,0.0,0.0
5.6,0.5,1.25,0.0,0.0,0.0
5.7,0.5,1.25,0.0,0.0,0.0
5.8,0.5,1.25,0.0,0.0,0.0
5.9,0.5,1.25,0.0,0.0,0.0
0.0,0.6,1.25,210.4,1.2842295e-06,0.5752069
0.1,0.6,1.25,303.6,2.5311679e-06,0.81500846
0.2,0.6,1.25,595.6,3.4890702e-06,0.90231884
0.3,0.6,1.25,697.0,1.2412344e-05,0.9997452
0.4,0.6,1.25,467.8,2.649792e-05,1.0
0.5,0.6,1.25,483.4,2.56744e-05,0.99999994
0.6,0.6,1.25,761.6,6.415902e-05,1.0
0.7,0.6,1.25,661.2,0.00014989437,1.0
0.8,0.6,1.25,18.6,0.0006746322,1.0
0.9,0.6,1.25,200.6,0.00067400857,1.0
1.0,0.6,1.25,294.0,0.000936709,1.0
1.1,0.6,1.25,0.0,0.0,0.0
1.2,0.6,1.25,0.0,0.0,0.0
1.3,0.6,1.25,0.0,0.0,0.0
1.4,0.6,1.25,0.0,0.0,0.0
1.5,0.6,1.25,0.0,0.0,0.0
1.6,0.6,1.25,0.0,0.0,0.0
1.7,0.6,1.25,0.0,0.0,0.0
1.8,0.6,1.25,0.0,0.0,0.0
1.9,0.6,1.25,0.0,0.0,0.0
2.0,0.6,1.25,0.0,0.0,0.0
2.1,0.6,1.25,0.0,0.0,0.0
2.2,0.6,1.25,0.0,0.0,0.0
2.3,0.6,1.25,0.0,0.0,0.0
2.4,0.6,1.25,0.0,0.0,0.0
2.5,0.6,1.25,0.0,0.0,0.0
2.6,0.6,1.25,0.0,0.0,0.0
2.7,0.6,1.25,0.0,0.0,0.0
2.8,0.6,1.25,0.0,0.0,0.0
2.9,0.6,1.25,0.0,0.0,0.0
3.0,0.6,1.25,0.0,0.0,0.0
3.1,0.6,1.25,0.0,0.0,0.0
3.2,0.6,1.25,0.0,0.0,0.0
3.3,0.6,1.25,0.0,0.0,0.0
3.4,0.6,1.25,0.0,0.0,0.0
3.5,0.6,1.25,0.0,0.0,0.0
3.6,0.6,1.25,0.0,0.0,0.0
3.7,0.6,1.25,0.0,0.0,0.0
3.8,0.6,1.25,0.0,0.0,0.0
3.9,0.6,1.25,0.0,0.0,0.0
4.0,0.6,1.25,0.0,0.0,0.0
4.1,0.6,1.25,0.0,0.0,0.0
4.2,0.6,1.25,0.0,0.0,0.0
4.3,0.6,1.25,0.0,0.0,0.0
4.4,0.6,1.25,0.0,0.0,0.0
4.5,0.6,1.25,0.0,0.0,0.0
4.6,0.6,1.25,0.0,0.0,0.0
4.7,0.6,1.25,0.0,0.0,0.0
4.8,0.6,1.25,0.0,0.0,0.0
4.9,0.6,1.25,0.0,0.0,0.0
5.0,0.6,1.25,0.0,0.0,0.0
5.1,0.6,1.25,0.0,0.0,0.0
5.2,0.6,1.25,0.0,0.0,0.0
5.3,0.6,1.25,0.0,0.0,0.0
5.4,0.6,1.25,0.0,0.0,0.0
5.5,0.6,1.25,0.0,0.0,0.0
5.6,0.6,1.25,0.0,0.0,0.0
5.7,0.6,1.25,0.0,0.0,0.0
5.8,0.6,1.25,0.0,0.0,0.0
5.9,0.6,1.25,0.0,0.0,0.0
0.0,0.7,1.25,158.2,1.0776287e-06,0.51247764
0.1,0.7,1.25,183.2,8.157566e-07,0.4194839
0.2,0.7,1.25,157.0,3.4737099e-07,0.2067213
0.3,0.7,1.25,41.8,1.12286024e-07,0.07212418
0.4,0.7,1.25,0.0,0.0,0.0
0.5,0.7,1.25,0.2,2.556634e-08,0.016899824
0.6,0.7,1.25,0.0,0.0,0.0
0.7,0.7,1.25,0.0,0.0,0.0
0.8,0.7,1.25,0.0,0.0,0.0
0.9,0.7,1.25,0.0,0.0,0.0
1.0,0.7,1.25,0.0,0.0,0.0
1.1,0.7,1.25,0.0,0.0,0.0
1.2,0.7,1.25,0.0,0.0,0.0
1.3,0.7,1.25,0.0,0.0,0.0
1.4,0.7,1.25,0.0,0.0,0.0
1.5,0.7,1.25,0.0,0.0,0.0
1.6,0.7,1.25,0.0,0.0,0.0
1.7,0.7,1.25,0.0,0.0,0.0
1.8,0.7,1.25,0.0,0.0,0.0
1.9,0.7,1.25,0.0,0.0,0.0
2.0,0.7,1.25,0.0,0.0,0.0
2.1,0.7,1.25,0.0,0.0,0.0
2.2,0.7,1.25,0.0,0.0,0.0
2.3,0.7,1.25,0.0,0.0,0.0
2.4,0.7,1.25,0.0,0.0,0.0
2.5,0.7,1.25,0.0,0.0,0.0
2.6,0.7,1.25,0.0,0.0,0.0
2.7,0.7,1.25,0.0,0.0,0.0
2.8,0.7,1.25,0.0,0.0,0.0
2.9,0.7,1.25,0.0,0.0,0.0
3.0,0.7,1.25,0.0,0.0,0.0
3.1,0.7,1.25,0.0,0.0,0.0
3.2,0.7,1.25,0.0,0.0,0.0
3.3,0.7,1.25,0.0,0.0,0.0
3.4,0.7,1.25,0.0,0.0,0.0
3.5,0.7,1.25,0.0,0.0,0.0
3.6,0.7,1.25,0.0,0.0,0.0
3.7,0.7,1.25,0.0,0.0,0.0
3.8,0.7,1.25,0.0,0.0,0.0
3.9,0.7,1.25,0.0,0.0,0.0
4.0,0.7,1.25,0.0,0.0,0.0
4.1,0.7,1.25,0.0,0.0,0.0
4.2,0.7,1.25,0.0,0.0,0.0
4.3,0.7,1.25,0.0,0.0,0.0
4.4,0.7,1.25,0.0,0.0,0.0
4.5,0.7,1.25,0.0,0.0,0.0
4.6,0.7,1.25,0.0,0.0,0.0
4.7,0.7,1.25,0.0,0.0,0.0
4.8,0.7,1.25,0.0,0.0,0.0
4.9,0.7,1.25,0.0,0.0,0.0
5.0,0.7,1.25,0.0,0.0,0.0
5.1,0.7,1.25,0.0,0.0,0.0
5.2,0.7,1.25,0.0,0.0,0.0
5.3,0.7,1.25,0.0,0.0,0.0
5.4,0.7,1.25,0.0,0.0,0.0
5.5,0.7,1.25,0.0,0.0,0.0
5.6,0.7,1.25,0.0,0.0,0.0
5.7,0.7,1.25,0.0,0.0,0.0
5.8,0.7,1.25,0.0,0.0,0.0
5.9,0.7,1.25,0.0,0.0,0.0
0.0,0.8,1.25,126.6,4.2884e-07,0.24865729
0.1,0.8,1.25,13.2,6.594716e-08,0.04301232
0.2,0.8,1.25,7.2,5.736954e-08,0.037524223
0.3,0.8,1.25,0.0,0.0,0.0
0.4,0.8,1.25,0.0,0.0,0.0
0.5,0.8,1.25,0.0,0.0,0.0
0.6,0.8,1.25,0.0,0.0,0.0
0.7,0.8,1.25,0.0,0.0,0.0
0.8,0.8,1.25,0.0,0.0,0.0
0.9,0.8,1.25,0.0,0.0,0.0
1.0,0.8,1.25,0.0,0.0,0.0
1.1,0.8,1.25,0.0,0.0,0.0
1.2,0.8,1.25,0.0,0.0,0.0
1.3,0.8,1.25,0.0,0.0,0.0
1.4,0.8,1.25,0.0,0.0,0.0
1.5,0.8,1.25,0.0,0.0,0.0
1.6,0.8,1.25,0.0,0.0,0.0
1.7,0.8,1.25,0.0,0.0,0.0
1.8,0.8,1.25,0.0,0.0,0.0
1.9,0.8,1.25,0.0,0.0,0.0
2.0,0.8,1.25,0.0,0.0,0.0
2.1,0.8,1.25,0.0,0.0,0.0
2.2,0.8,1.25,0.0,0.0,0.0
2.3,0.8,1.25,0.0,0.0,0.0
2.4,0.8,1.25,0.0,0.0,0.0
2.5,0.8,1.25,0.0,0.0,0.0
2.6,0.8,1.25,0.0,0.0,0.0
2.7,0.8,1.25,0.0,0.0,0.0
2.8,0.8,1.25,0.0,0.0,0.0
2.9,0.8,1.25,0.0,0.0,0.0
3.0,0.8,1.25,0.0,0.0,0.0
3.1,0.8,1.25,0.0,0.0,0.0
3.2,0.8,1.25,0.0,0.0,0.0
3.3,0.8,1.25,0.0,0.0,0.0
3.4,0.8,1.25,0.0,0.0,0.0
3.5,0.8,1.25,0.0,0.0,0.0
3.6,0.8,1.25,0.0,0.0,0.0
3.7,0.8,1.25,0.0,0.0,0.0
3.8,0.8,1.25,0.0,0.0,0.0
3.9,0.8,1.25,0.0,0.0,0.0
4.0,0.8,1.25,0.0,0.0,0.0
4.1,0.8,1.25,0.0,0.0,0.0
4.2,0.8,1.25,0.0,0.0,0.0
4.3,0.8,1.25,0.0,0.0,0.0
4.4,0.8,1.25,0.0,0.0,0.0
4.5,0.8,1.25,0.0,0.0,0.0
4.6,0.8,1.25,0.0,0.0,0.0
4.7,0.8,1.25,0.0,0.0,0.0
4.8,0.8,1.25,0.0,0.0,0.0
4.9,0.8,1.25,0.0,0.0,0.0
5.0,0.8,1.25,0.0,0.0,0.0
5.1,0.8,1.25,0.0,0.0,0.0
5.2,0.8,1.25,0.0,0.0,0.0
5.3,0.8,1.25,0.0,0.0,0.0
5.4,0.8,1.25,0.0,0.0,0.0
5.5,0.8,1.25,0.2,1.3089969e-11,8.702278e-06
5.6,0.8,1.25,0.8,1.8867663e-10,0.0001257658
5.7,0.8,1.25,0.2,7.63407e-11,5.0902367e-05
5.8,0.8,1.25,0.0,0.0,0.0
5.9,0.8,1.25,0.0,0.0,0.0
0.0,0.9,1.25,0.6,2.7820539e-08,0.018376112
0.1,0.9,1.25,2.2,2.6155499e-08,0.017285883
0.2,0.9,1.25,16.6,8.428028e-08,0.05463755
0.3,0.9,1.25,7.8,2.724102e-08,0.017996788
0.4,0.9,1.25,0.2,2.556634e-08,0.016899824
0.5,0.9,1.25,0.0,0.0,0.0
0.6,0.9,1.25,0.0,0.0,0.0
0.7,0.9,1.25,0.0,0.0,0.0
0.8,0.9,1.25,0.0,0.0,0.0
0.9,0.9,1.25,0.0,0.0,0.0
1.0,0.9,1.25,0.0,0.0,0.0
1.1,0.9,1.25,0.0,0.0,0.0
1.2,0.9,1.25,0.0,0.0,0.0
1.3,0.9,1.25,0.0,0.0,0.0
1.4,0.9,1.25,0.0,0.0,0.0
1.5,0.9,1.25,0.0,0.0,0.0
1.6,0.9,1.25,0.0,0.0,0.0
1.7,0.9,1.25,0.0,0.0,0.0
1.8,0.9,1.25,0.0,0.0,0.0
1.9,0.9,1.25,0.0,0.0,0.0
2.0,0.9,1.25,0.0,0.0,0.0
2.1,0.9,1.25,0.0,0.0,0.0
2.2,0.9,1.25,0.0,0.0,0.0
2.3,0.9,1.25,0.0,0.0,0.0
2.4,0.9,1.25,0.0,0.0,0.0
2.5,0.9,1.25,0.0,0.0,0.0
2.6,0.9,1.25,0.0,0.0,0.0
2.7,0.9,1.25,0.0,0.0,0.0
2.8,0.9,1.25,0.0,0.0,0.0
2.9,0.9,1.25,0.0,0.0,0.0
3.0,0.9,1.25,0.0,0.0,0.0
3.1,0.9,1.25,0.0,0.0,0.0
3.2,0.9,1.25,0.0,0.0,0.0
3.3,0.9,1.25,0.0,0.0,0.0
3.4,0.9,1.25,0.0,0.0,0.0
3.5,0.9,1.25,0.0,0.0,0.0
3.6,0.9,1.25,0.0,0.0,0.0
3.7,0.9,1.25,0.0,0.0,0.0
3.8,0.9,1.25,0.0,0.0,0.0
3.9,0.9,1.25,0.0,0.0,0.0
4.0,0.9,1.25,0.0,0.0,0.0
4.1,0.9,1.25,0.0,0.0,0.0
4.2,0.9,1.25,0.0,0.0,0.0
4.3,0.9,1.25,0.0,0.0,0.0
4.4,0.9,1.25,0.0,0.0,0.0
4.5,0.9,1.25,0.0,0.0,0.0
4.6,0.9,1.25,0.0,0.0,0.0
4.7,0.9,1.25,0.0,0.0,0.0
4.8,0.9,1.25,0.2,7.63407e-11,5.0902367e-05
4.9,0.9,1.25,0.0,0.0,0.0
5.0,0.9,1.25,885.60004,0.0033076461,1.0
5.1,0.9,1.25,612.4,0.0033265662,1.0
5.2,0.9,1.25,75.0,0.001973013,1.0
5.3,0.9,1.25,177.20001,0.0005439368,1.0
5.4,0.9,1.25,1062.4,9.71774e-05,1.0
5.5,0.9,1.25,561.2,6.964032e-05,1.0
5.6,0.9,1.25,60.8,1.8303068e-05,0.999995
5.7,0.9,1.25,4.2,6.4266623e-09,0.0042752624
5.8,0.9,1.25,27.2,2.88047e-06,0.853439
5.9,0.9,1.25,293.4,7.2689377e-06,0.99213994
0.0,1.0,1.25,0.0,0.0,0.0
0.1,1.0,1.25,0.0,0.0,0.0
0.2,1.0,1.25,0.0,0.0,0.0
0.3,1.0,1.25,2.2,4.8813803e-10,0.00032538176
0.4,1.0,1.25,1.8,7.053984e-08,0.045937955
0.5,1.0,1.25,0.0,0.0,0.0
0.6,1.0,1.25,0.0,0.0,0.0
0.7,1.0,1.25,0.0,0.0,0.0
0.8,1.0,1.25,0.0,0.0,0.0
0.9,1.0,1.25,0.0,0.0,0.0
1.0,1.0,1.25,0.0,0.0,0.0
1.1,1.0,1.25,0.0,0.0,0.0
1.2,1.0,1.25,0.0,0.0,0.0
1.3,1.0,1.25,0.0,0.0,0.0
1.4,1.0,1.25,0.0,0.0,0.0
1.5,1.0,1.25,0.0,0.0,0.0
1.6,1.0,1.25,0.0,0.0,0.0
1.7,1.0,1.25,0.0,0.0,0.0
1.8,1.0,1.25,0.0,0.0,0.0
1.9,1.0,1.25,0.0,0.0,0.0
2.0,1.0,1.25,0.0,0.0,0.0
2.1,1.0,1.25,0.0,0.0,0.0
2.2,1.0,1.25,0.0,0.0,0.0
2.3,1.0,1.25,0.0,0.0,0.0
2.4,1.0,1.25,0.0,0.0,0.0
2.5,1.0,1.25,0.0,0.0,0.0
2.6,1.0,1.25,0.0,0.0,0.0
2.7,1.0,1.25,0.0,0.0,0.0
2.8,1.0,1.25,0.0,0.0,0.0
2.9,1.0,1.25,0.0,0.0,0.0
3.0,1.0,1.25,0.0,0.0,0.0
3.1,1.0,1.25,0.0,0.0,0.0
3.2,1.0,1.25,0.0,0.0,0.0
3.3,1.0,1.25,0.0,0.0,0.0
3.4,1.0,1.25,0.0,0.0,0.0
3.5,1.0,1.25,0.0,0.0,0.0
3.6,1.0,1.25,0.0,0.0,0.0
3.7,1.0,1.25,0.0,0.0,0.0
3.8,1.0,1.25,0.0,0.0,0.0
3.9,1.0,1.25,0.0,0.0,0.0
4.0,1.0,1.25,0.0,0.0,0.0
4.1,1.0,1.25,0.0,0.0,0.0
4.2,1.0,1.25,0.0,0.0,0.0
4.3,1.0,1.25,0.0,0.0,0.0
4.4,1.0,1.25,0.0,0.0,0.0
4.5,1.0,1.25,0.0,0.0,0.0
4.6,1.0,1.25,0.0,0.0,0.0
4.7,1.0,1.25,0.2,7.63407e-11,5.0902367e-05
4.8,1.0,1.25,0.0,0.0,0.0
4.9,1.0,1.25,0.0,0.0,0.0
5.0,1.0,1.25,350.2,0.001873319,1.0
5.1,1.0,1.25,248.8,0.0016489553,1.0
5.2,1.0,1.25,15.0,0.00054633257,1.0
5.3,1.0,1.25,123.6,0.00015343979,1.0
5.4,1.0,1.25,750.8,6.252396e-05,1.0
5.5,1.0,1.25,1222.2,5.280568e-05,1.0
5.6,1.0,1.25,912.8,4.769498e-05,1.0
5.7,1.0,1.25,771.4,2.984984e-05,1.0
5.8,1.0,1.25,374.4,1.47306955e-05,0.9999457
5.9,1.0,1.25,504.79996,4.60745e-06,0.9536546
0.0,1.1,1.25,0.0,0.0,0.0
0.1,1.1,1.25,0.0,0.0,0.0
0.2,1.1,1.25,0.0,0.0,0.0
0.3,1.1,1.25,0.0,0.0,0.0
0.4,1.1,1.25,0.0,0.0,0.0
0.5,1.1,1.25,0.0,0.0,0.0
0.6,1.1,1.25,0.0,0.0,0.0
0.7,1.1,1.25,0.0,0.0,0.0
0.8,1.1,1.25,0.0,0.0,0.0
0.9,1.1,1.25,0.0,0.0,0.0
1.0,1.1,1.25,0.0,0.0,0.0
1.1,1.1,1.25,0.0,0.0,0.0
1.2,1.1,1.25,0.0,0.0,0.0
1.3,1.1,1.25,0.0,0.0,0.0
1.4,1.1,1.25,0.0,0.0,0.0
1.5,1.1,1.25,0.0,0.0,0.0
1.6,1.1,1.25,0.0,0.0,0.0
1.7,1.1,1.25,0.0,0.0,0.0
1.8,1.1,1.25,0.0,0.0,0.0
1.9,1.1,1.25,0.0,0.0,0.0
2.0,1.1,1.25,0.0,0.0,0.0
2.1,1.1,1.25,0.0,0.0,0.0
2.2,1.1,1.25,0.0,0.0,0.0
2.3,1.1,1.25,0.0,0.0,0.0
2.4,1.1,1.25,0.0,0.0,0.0
2.5,1.1,1.25,0.0,0.0,0.0
2.6,1.1,1.25,0.0,0.0,0.0
2.7,1.1,1.25,0.0,0.0,0.0
2.8,1.1,1.25,0.0,0.0,0.0
2.9,1.1,1.25,0.0,0.0,0.0
3.0,1.1,1.25,0.0,0.0,0.0
3.1,1.1,1.25,0.0,0.0,0.0
3.2,1.1,1.25,0.0,0.0,0.0
3.3,1.1,1.25,0.0,0.0,0.0
3.4,1.1,1.25,0.0,0.0,0.0
3.5,1.1,1.25,0.0,0.0,0.0
3.6,1.1,1.25,0.0,0.0,0.0
3.7,1.1,1.25,0.0,0.0,0.0
3.8,1.1,1.25,0.0,0.0,0.0
3.9,1.1,1.25,0.0,0.0,0.0
4.0,1.1,1.25,0.0,0.0,0.0
4.1,1.1,1.25,0.0,0.0,0.0
4.2,1.1,1.25,0.0,0.0,0.0
4.3,1.1,1.25,0.0,0.0,0.0
4.4,1.1,1.25,0.0,0.0,0.0
4.5,1.1,1.25,0.0,0.0,0.0
4.6,1.1,1.25,0.0,0.0,0.0
4.7,1.1,1.25,0.2,7.015406e-08,0.045692563
4.8,1.1,1.25,0.0,0.0,0.0
4.9,1.1,1.25,0.0,0.0,0.0
5.0,1.1,1.25,0.2,7.015406e-08,0.045692563
5.1,1.1,1.25,0.8,7.030224e-08,0.045786798
5.2,1.1,1.25,0.0,0.0,0.0
5.3,1.1,1.25,0.0,0.0,0.0
5.4,1.1,1.25,0.4,7.183776e-11,4.786253e-05
5.5,1.1,1.25,0.4,4.9008842e-11,3.2663345e-05
5.6,1.1,1.25,252.39998,5.87145e-07,0.3239106
5.7,1.1,1.25,399.0,1.5275078e-06,0.63880545
5.8,1.1,1.25,583.0,3.0111e-06,0.8656625
5.9,1.1,1.25,474.6,6.06489e-06,0.9824598
0.0,1.2,1.25,0.0,0.0,0.0
0.1,1.2,1.25,0.8,5.191262e-11,3.46303e-05
0.2,1.2,1.25,0.0,0.0,0.0
0.3,1.2,1.25,0.0,0.0,0.0
0.4,1.2,1.25,0.0,0.0,0.0
0.5,1.2,1.25,0.0,0.0,0.0
0.6,1.2,1.25,0.0,0.0,0.0
0.7,1.2,1.25,0.0,0.0,0.0
0.8,1.2,1.25,0.0,0.0,0.0
0.9,1.2,1.25,0.0,0.0,0.0
1.0,1.2,1.25,0.0,0.0,0.0
1.1,1.2,1.25,0.0,0.0,0.0
1.2,1.2,1.25,0.0,0.0,0.0
1.3,1.2,1.25,0.0,0.0,0.0
1.4,1.2,1.25,0.0,0.0,0.0
1.5,1.2,1.25,0.0,0.0,0.0
1.6,1.2,1.25,0.0,0.0,0.0
1.7,1.2,1.25,0.0,0.0,0.0
1.8,1.2,1.25,0.0,0.0,0.0
1.9,1.2,1.25,0.0,0.0,0.0
2.0,1.2,1.25,0.0,0.0,0.0
2.1,1.2,1.25,0.0,0.0,0.0
2.2,1.2,1.25,0.0,0.0,0.0
2.3,1.2,1.25,0.0,0.0,0.0
2.4,1.2,1.25,0.0,0.0,0.0
2.5,1.2,1.25,0.0,0.0,0.0
2.6,1.2,1.25,0.0,0.0,0.0
2.7,1.2,1.25,0.0,0.0,0.0
2.8,1.2,1.25,0.0,0.0,0.0
2.9,1.2,1.25,0.0,0.0,0.0
3.0,1.2,1.25,0.0,0.0,0.0
3.1,1.2,1.25,0.0,0.0,0.0
3.2,1.2,1.25,0.0,0.0,0.0
3.3,1.2,1.25,0.0,0.0,0.0
3.4,1.2,1.25,0.0,0.0,0.0
3.5,1.2,1.25,0.0,0.0,0.0
3.6,1.2,1.25,0.0,0.0,0.0
3.7,1.2,1.25,0.0,0.0,0.0
3.8,1.2,1.25,0.0,0.0,0.0
3.9,1.2,1.25,0.0,0.0,0.0
4.0,1.2,1.25,0.0,0.0,0.0
4.1,1.2,1.25,0.0,0.0,0.0
4.2,1.2,1.25,0.0,0.0,0.0
4.3,1.2,1.25,0.0,0.0,0.0
4.4,1.2,1.25,0.0,0.0,0.0
4.5,1.2,1.25,0.0,0.0,0.0
4.6,1.2,1.25,0.0,0.0,0.0
4.7,1.2,1.25,0.0,0.0,0.0
4.8,1.2,1.25,0.0,0.0,0.0
4.9,1.2,1.25,0.0,0.0,0.0
5.0,1.2,1.25,0.0,0.0,0.0
5.1,1.2,1.25,0.2,2.827434e-12,1.9073486e-06
5.2,1.2,1.25,0.8,1.2817698e-10,8.547306e-05
5.3,1.2,1.25,0.4,8.943066e-11,5.9604645e-05
5.4,1.2,1.25,0.8,2.2451921e-10,0.00014966726
5.5,1.2,1.25,0.8,2.5714519e-08,0.01699692
5.6,1.2,1.25,3.0,1.0253039e-07,0.06606984
5.7,1.2,1.25,12.4,2.0602678e-07,0.12833595
5.8,1.2,1.25,63.8,8.7620856e-07,0.44241428
5.9,1.2,1.25,210.4,1.4086856e-06,0.60902977
0.0,1.3,1.25,0.0,0.0,0.0
0.1,1.3,1.25,0.4,3.87463e-11,2.5808811e-05
0.2,1.3,1.25,0.0,0.0,0.0
0.3,1.3,1.25,0.0,0.0,0.0
0.4,1.3,1.25,0.0,0.0,0.0
0.5,1.3,1.25,0.0,0.0,0.0
0.6,1.3,1.25,0.0,0.0,0.0
0.7,1.3,1.25,0.0,0.0,0.0
0.8,1.3,1.25,0.0,0.0,0.0
0.9,1.3,1.25,0.0,0.0,0.0
1.0,1.3,1.25,0.0,0.0,0.0
1.1,1.3,1.25,0.0,0.0,0.0
1.2,1.3,1.25,0.0,0.0,0.0
1.3,1.3,1.25,0.0,0.0,0.0
1.4,1.3,1.25,0.0,0.0,0.0
1.5,1.3,1.25,0.0,0.0,0.0
1.6,1.3,1.25,0.0,0.0,0.0
1.7,1.3,1.25,0.0,0.0,0.0
1.8,1.3,1.25,0.0,0.0,0.0
1.9,1.3,1.25,0.0,0.0,0.0
2.0,1.3,1.25,0.0,0.0,0.0
2.1,1.3,1.25,0.0,0.0,0.0
2.2,1.3,1.25,0.0,0.0,0.0
2.3,1.3,1.25,0.0,0.0,0.0
2.4,1.3,1.25,0.0,0.0,0.0
2.5,1.3,1.25,0.0,0.0,0.0
2.6,1.3,1.25,0.0,0.0,0.0
2.7,1.3,1.25,0.0,0.0,0.0
2.8,1.3,1.25,0.0,0.0,0.0
2.9,1.3,1.25,0.0,0.0,0.0
3.0,1.3,1.25,0.0,0.0,0.0
3.1,1.3,1.25,0.0,0.0,0.0
3.2,1.3,1.25,0.0,0.0,0.0
3.3,1.3,1.25,0.0,0.0,0.0
3.4,1.3,1.25,0.0,0.0,0.0
3.5,1.3,1.25,0.0,0.0,0.0
3.6,1.3,1.25,0.0,0.0,0.0
3.7,1.3,1.25,0.0,0.0,0.0
3.8,1.3,1.25,0.0,0.0,0.0
3.9,1.3,1.25,0.0,0.0,0.0
4.0,1.3,1.25,0.0,0.0,0.0
4.1,1.3,1.25,0.0,0.0,0.0
4.2,1.3,1.25,0.0,0.0,0.0
4.3,1.3,1.25,0.0,0.0,0.0
4.4,1.3,1.25,0.0,0.0,0.0
4.5,1.3,1.25,0.0,0.0,0.0
4.6,1.3,1.25,0.2,7.63407e-11,5.0902367e-05
4.7,1.3,1.25,0.0,0.0,0.0
4.8,1.3,1.25,0.0,0.0,0.0
4.9,1.3,1.25,0.0,0.0,0.0
5.0,1.3,1.25,0.0,0.0,0.0
5.1,1.3,1.25,0.0,0.0,0.0
5.2,1.3,1.25,0.6,7.024348e-08,0.045749426
5.3,1.3,1.25,0.8,1.685988e-10,0.00011241436
5.4,1.3,1.25,0.6,1.5550884e-10,0.00010365248
5.5,1.3,1.25,1.2,5.1214762e-08,0.033566892
5.6,1.3,1.25,3.0,8.134184e-08,0.052783787
5.7,1.3,1.25,5.4,6.1938564e-08,0.040451467
5.8,1.3,1.25,16.2,1.4655468e-07,0.09308189
5.9,1.3,1.25,62.6,7.772008e-07,0.404369
0.0,1.4,1.25,0.0,0.0,0.0
0.1,1.4,1.25,0.0,0.0,0.0
0.2,1.4,1.25,0.0,0.0,0.0
0.3,1.4,1.25,0.2,2.1778441e-09,0.0014508367
0.4,1.4,1.25,0.0,0.0,0.0
0.5,1.4,1.25,0.0,0.0,0.0
0.6,1.4,1.25,0.0,0.0,0.0
0.7,1.4,1.25,0.0,0.0,0.0
0.8,1.4,1.25,0.0,0.0,0.0
0.9,1.4,1.25,0.0,0.0,0.0
1.0,1.4,1.25,0.0,0.0,0.0
1.1,1.4,1.25,0.0,0.0,0.0
1.2,1.4,1.25,0.0,0.0,0.0
1.3,1.4,1.25,0.0,0.0,0.0
1.4,1.4,1.25,0.0,0.0,0.0
1.5,1.4,1.25,0.0,0.0,0.0
1.6,1.4,1.25,0.0,0.0,0.0
1.7,1.4,1.25,0.0,0.0,0.0
1.8,1.4,1.25,0.0,0.0,0.0
1.9,1.4,1.25,0.0,0.0,0.0
2.0,1.4,1.25,0.0,0.0,0.0
2.1,1.4,1.25,0.0,0.0,0.0
2.2,1.4,1.25,0.0,0.0,0.0
2.3,1.4,1.25,0.0,0.0,0.0
2.4,1.4,1.25,0.0,0.0,0.0
2.5,1.4,1.25,0.0,0.0,0.0
2.6,1.4,1.25,0.0,0.0,0.0
2.7,1.4,1.25,0.0,0.0,0.0
2.8,1.4,1.25,0.0,0.0,0.0
2.9,1.4,1.25,0.0,0.0,0.0
3.0,1.4,1.25,0.0,0.0,0.0
3.1,1.4,1.25,0.0,0.0,0.0
3.2,1.4,1.25,0.0,0.0,0.0
3.3,1.4,1.25,0.0,0.0,0.0
3.4,1.4,1.25,0.0,0.0,0.0
3.5,1.4,1.25,0.0,0.0,0.0
3.6,1.4,1.25,0.0,0.0,0.0
3.7,1.4,1.25,0.0,0.0,0.0
3.8,1.4,1.25,0.0,0.0,0.0
3.9,1.4,1.25,0.0,0.0,0.0
4.0,1.4,1.25,0.0,0.0,0.0
4.1,1.4,1.25,0.0,0.0,0.0
4.2,1.4,1.25,0.0,0.0,0.0
4.3,1.4,1.25,0.0,0.0,0.0
4.4,1.4,1.25,0.0,0.0,0.0
4.5,1.4,1.25,0.0,0.0,0.0
4.6,1.4,1.25,0.2,7.63407e-11,5.0902367e-05
4.7,1.4,1.25,0.2,7.63407e-11,5.0902367e-05
4.8,1.4,1.25,0.0,0.0,0.0
4.9,1.4,1.25,0.0,0.0,0.0
5.0,1.4,1.25,0.0,0.0,0.0
5.1,1.4,1.25,0.2,7.015406e-08,0.045692563
5.2,1.4,1.25,0.8,7.02794e-08,0.045772254
5.3,1.4,1.25,2.0,1.4706043e-07,0.093387604
5.4,1.4,1.25,1.0,2.5681501e-08,0.016975284
5.5,1.4,1.25,1.2,2.0459401e-10,0.00013637543
5.6,1.4,1.25,2.8,3.031858e-08,0.020009458
5.7,1.4,1.25,10.0,1.5970302e-07,0.10099679
5.8,1.4,1.25,14.2,4.411204e-07,0.25478333
5.9,1.4,1.25,16.6,2.51233e-07,0.15421379
0.0,1.5,1.25,0.0,0.0,0.0
0.1,1.5,1.25,0.0,0.0,0.0
0.2,1.5,1.25,4.0,1.5994995e-07,0.10114479
0.3,1.5,1.25,2.4,3.2086098e-09,0.002136767
0.4,1.5,1.25,0.0,0.0,0.0
0.5,1.5,1.25,0.0,0.0,0.0
0.6,1.5,1.25,0.0,0.0,0.0
0.7,1.5,1.25,0.0,0.0,0.0
0.8,1.5,1.25,0.0,0.0,0.0
0.9,1.5,1.25,0.0,0.0,0.0
1.0,1.5,1.25,0.0,0.0,0.0
1.1,1.5,1.25,0.0,0.0,0.0
1.2,1.5,1.25,0.0,0.0,0.0
1.3,1.5,1.25,0.0,0.0,0.0
1.4,1.5,1.25,0.0,0.0,0.0
1.5,1.5,1.25,0.0,0.0,0.0
1.6,1.5,1.25,0.0,0.0,0.0
1.7,1.5,1.25,0.0,0.0,0.0
1.8,1.5,1.25,0.0,0.0,0.0
1.9,1.5,1.25,0.0,0.0,0.0
2.0,1.5,1.25,0.0,0.0,0.0
2.1,1.5,1.25,0.0,0.0,0.0
2.2,1.5,1.25,0.0,0.0,0.0
2.3,1.5,1.25,0.0,0.0,0.0
2.4,1.5,1.25,0.0,0.0,0.0
2.5,1.5,1.25,0.0,0.0,0.0
2.6,1.5,1.25,0.0,0.0,0.0
2.7,1.5,1.25,0.0,0.0,0.0
2.8,1.5,1.25,0.0,0.0,0.0
2.9,1.5,1.25,0.0,0.0,0.0
3.0,1.5,1.25,0.0,0.0,0.0
3.1,1.5,1.25,0.0,0.0,0.0
3.2,1.5,1.25,0.0,0.0,0.0
3.3,1.5,1.25,0.0,0.0,0.0
3.4,1.5,1.25,0.0,0.0,0.0
3.5,1.5,1.25,0.0,0.0,0.0
3.6,1.5,1.25,0.0,0.0,0.0
3.7,1.5,1.25,0.0,0.0,0.0
3.8,1.5,1.25,0.0,0.0,0.0
3.9,1.5,1.25,0.0,0.0,0.0
4.0,1.5,1.25,0.0,0.0,0.0
4.1,1.5,1.25,0.0,0.0,0.0
4.2,1.5,1.25,0.0,0.0,0.0
4.3,1.5,1.25,0.0,0.0,0.0
4.4,1.5,1.25,0.2,2.556634e-08,0.016899824
4.5,1.5,1.25,0.2,2.556634e-08,0.016899824
4.6,1.5,1.25,0.2,7.63407e-11,5.0902367e-05
4.7,1.5,1.25,0.2,7.63407e-11,5.0902367e-05
4.8,1.5,1.25,0.4,1.4030812e-07,0.089297295
4.9,1.5,1.25,0.4,1.4030812e-07,0.089297295
5.0,1.5,1.25,0.0,0.0,0.0
5.1,1.5,1.25,0.2,7.015406e-08,0.045692563
5.2,1.5,1.25,0.2,3.591888e-11,2.3961067e-05
5.3,1.5,1.25,1.8,7.68502e-08,0.04994315
5.4,1.5,1.25,1.2,2.27423e-10,0.00015157461
5.5,1.5,1.25,3.6,2.474494e-08,0.016361296
5.6,1.5,1.25,0.4,1.5917403e-11,1.0609627e-05
5.7,1.5,1.25,4.2,1.36274565e-08,0.009043813
5.8,1.5,1.25,6.2,2.747496e-07,0.16737038
5.9,1.5,1.25,8.6,1.8915e-07,0.11847329
0.0,1.6,1.25,0.0,0.0,0.0
0.1,1.6,1.25,2.6,2.813824e-07,0.17104405
0.2,1.6,1.25,29.0,2.5355698e-06,0.81555057
0.3,1.6,1.25,44.4,2.337612e-06,0.78952914
0.4,1.6,1.25,3.8,2.644964e-08,0.017478526
0.5,1.6,1.25,0.0,0.0,0.0
0.6,1.6,1.25,0.0,0.0,0.0
0.7,1.6,1.25,0.0,0.0,0.0
0.8,1.6,1.25,0.0,0.0,0.0
0.9,1.6,1.25,0.0,0.0,0.0
1.0,1.6,1.25,0.6,1.2128673e-07,0.077675164
1.1,1.6,1.25,0.8,1.2132269e-07,0.07769728
1.2,1.6,1.25,0.2,3.591888e-11,2.3961067e-05
1.3,1.6,1.25,0.0,0.0,0.0
1.4,1.6,1.25,0.0,0.0,0.0
1.5,1.6,1.25,0.0,0.0,0.0
1.6,1.6,1.25,0.0,0.0,0.0
1.7,1.6,1.25,0.0,0.0,0.0
1.8,1.6,1.25,0.0,0.0,0.0
1.9,1.6,1.25,0.0,0.0,0.0
2.0,1.6,1.25,0.0,0.0,0.0
2.1,1.6,1.25,0.0,0.0,0.0
2.2,1.6,1.25,0.0,0.0,0.0
2.3,1.6,1.25,0.0,0.0,0.0
2.4,1.6,1.25,0.0,0.0,0.0
2.5,1.6,1.25,0.0,0.0,0.0
2.6,1.6,1.25,0.0,0.0,0.0
2.7,1.6,1.25,0.0,0.0,0.0
2.8,1.6,1.25,0.0,0.0,0.0
2.9,1.6,1.25,0.0,0.0,0.0
3.0,1.6,1.25,0.0,0.0,0.0
3.1,1.6,1.25,0.0,0.0,0.0
3.2,1.6,1.25,0.0,0.0,0.0
3.3,1.6,1.25,0.0,0.0,0.0
3.4,1.6,1.25,0.0,0.0,0.0
3.5,1.6,1.25,0.0,0.0,0.0
3.6,1.6,1.25,0.0,0.0,0.0
3.7,1.6,1.25,0.0,0.0,0.0
3.8,1.6,1.25,0.0,0.0,0.0
3.9,1.6,1.25,0.0,0.0,0.0
4.0,1.6,1.25,0.0,0.0,0.0
4.1,1.6,1.25,0.0,0.0,0.0
4.2,1.6,1.25,0.0,0.0,0.0
4.3,1.6,1.25,0.0,0.0,0.0
4.4,1.6,1.25,0.0,0.0,0.0
4.5,1.6,1.25,0.2,2.556634e-08,0.016899824
4.6,1.6,1.25,0.2,7.63407e-11,5.0902367e-05
4.7,1.6,1.25,0.2,7.63407e-11,5.0902367e-05
4.8,1.6,1.25,0.0,0.0,0.0
4.9,1.6,1.25,0.4,1.4030812e-07,0.089297295
5.0,1.6,1.25,3.8,1.332927e-06,0.58877635
5.1,1.6,1.25,1.6,1.411702e-07,0.089820504
5.2,1.6,1.25,2.0,1.4121628e-07,0.08984846
5.3,1.6,1.25,1.2,7.0269735e-08,0.045766115
5.4,1.6,1.25,0.8,1.6126842e-10,0.00010752678
5.5,1.6,1.25,0.0,0.0,0.0
5.6,1.6,1.25,0.0,0.0,0.0
5.7,1.6,1.25,0.4,1.526814e-10,0.00010180473
5.8,1.6,1.25,0.2,2.827434e-12,1.9073486e-06
5.9,1.6,1.25,3.8,1.0935054e-07,0.07030654
0.0,1.7,1.25,14.6,2.883142e-07,0.17486596
0.1,1.7,1.25,65.2,4.031838e-06,0.93197584
0.2,1.7,1.25,59.8,3.6045742e-06,0.9095583
0.3,1.7,1.25,33.2,1.1663346e-06,0.5404725
0.4,1.7,1.25,0.6,7.952156e-11,5.298853e-05
0.5,1.7,1.25,0.0,0.0,0.0
0.6,1.7,1.25,0.0,0.0,0.0
0.7,1.7,1.25,0.0,0.0,0.0
0.8,1.7,1.25,0.0,0.0,0.0
0.9,1.7,1.25,0.8,1.9142772e-10,0.00012761354
1.0,1.7,1.25,6.6,2.565084e-07,0.15718311
1.1,1.7,1.25,2.4,2.237036e-07,0.13854784
1.2,1.7,1.25,0.6,1.12612995e-10,7.510185e-05
1.3,1.7,1.25,0.0,0.0,0.0
1.4,1.7,1.25,0.0,0.0,0.0
1.5,1.7,1.25,0.0,0.0,0.0
1.6,1.7,1.25,0.0,0.0,0.0
1.7,1.7,1.25,0.0,0.0,0.0
1.8,1.7,1.25,0.0,0.0,0.0
1.9,1.7,1.25,0.0,0.0,0.0
2.0,1.7,1.25,0.0,0.0,0.0
2.1,1.7,1.25,0.0,0.0,0.0
2.2,1.7,1.25,0.0,0.0,0.0
2.3,1.7,1.25,0.0,0.0,0.0
2.4,1.7,1.25,0.0,0.0,0.0
2.5,1.7,1.25,0.0,0.0,0.0
2.6,1.7,1.25,0.0,0.0,0.0
2.7,1.7,1.25,0.0,0.0,0.0
2.8,1.7,1.25,0.0,0.0,0.0
2.9,1.7,1.25,0.0,0.0,0.0
3.0,1.7,1.25,0.0,0.0,0.0
3.1,1.7,1.25,0.0,0.0,0.0
3.2,1.7,1.25,0.0,0.0,0.0
3.3,1.7,1.25,0.0,0.0,0.0
3.4,1.7,1.25,0.0,0.0,0.0
3.5,1.7,1.25,0.0,0.0,0.0
3.6,1.7,1.25,0.0,0.0,0.0
3.7,1.7,1.25,0.0,0.0,0.0
3.8,1.7,1.25,0.0,0.0,0.0
3.9,1.7,1.25,0.0,0.0,0.0
4.0,1.7,1.25,0.0,0.0,0.0
4.1,1.7,1.25,0.0,0.0,0.0
4.2,1.7,1.25,0.2,3.591888e-11,2.3961067e-05
4.3,1.7,1.25,0.2,3.591888e-11,2.3961067e-05
4.4,1.7,1.25,0.0,0.0,0.0
4.5,1.7,1.25,0.0,0.0,0.0
4.6,1.7,1.25,0.0,0.0,0.0
4.7,1.7,1.25,0.6,1.5550884e-10,0.00010365248
4.8,1.7,1.25,0.8,2.572186e-08,0.017001688
4.9,1.7,1.25,0.0,0.0,0.0
5.0,1.7,1.25,0.2,7.015406e-08,0.045692563
5.1,1.7,1.25,1.0,1.4102201e-07,0.08973062
5.2,1.7,1.25,3.4,1.4099017e-07,0.08971125
5.3,1.7,1.25,1.8,7.047136e-08,0.045894384
5.4,1.7,1.25,0.6,1.0252064e-10,6.836653e-05
5.5,1.7,1.25,0.2,3.591888e-11,2.3961067e-05
5.6,1.7,1.25,0.2,2.827434e-12,1.9073486e-06
5.7,1.7,1.25,0.0,0.0,0.0
5.8,1.7,1.25,2.4,1.0769489e-09,0.0007176995
5.9,1.7,1.25,10.2,1.5788496e-08,0.01047045
0.0,1.8,1.25,39.4,2.992138e-07,0.18084002
0.1,1.8,1.25,55.8,2.1428059e-07,0.1331191
0.2,1.8,1.25,19.6,3.46541e-07,0.2062822
0.3,1.8,1.25,20.0,1.8139937e-07,0.11390662
0.4,1.8,1.25,0.4,2.577087e-08,0.017033815
0.5,1.8,1.25,0.0,0.0,0.0
0.6,1.8,1.25,0.0,0.0,0.0
0.7,1.8,1.25,0.4,2.7744182e-08,0.018326104
0.8,1.8,1.25,0.2,2.1778441e-09,0.0014508367
0.9,1.8,1.25,1.8,4.598952e-09,0.0030612946
1.0,1.8,1.25,5.6,3.285468e-07,0.19670337
1.1,1.8,1.25,1.0,1.2137619e-07,0.07773018
1.2,1.8,1.25,0.0,0.0,0.0
1.3,1.8,1.25,0.0,0.0,0.0
1.4,1.8,1.25,0.0,0.0,0.0
1.5,1.8,1.25,0.0,0.0,0.0
1.6,1.8,1.25,0.0,0.0,0.0
1.7,1.8,1.25,0.0,0.0,0.0
1.8,1.8,1.25,0.0,0.0,0.0
1.9,1.8,1.25,0.0,0.0,0.0
2.0,1.8,1.25,0.0,0.0,0.0
2.1,1.8,1.25,0.0,0.0,0.0
2.2,1.8,1.25,0.0,0.0,0.0
2.3,1.8,1.25,0.0,0.0,0.0
2.4,1.8,1.25,0.0,0.0,0.0
2.5,1.8,1.25,0.0,0.0,0.0
2.6,1.8,1.25,0.0,0.0,0.0
2.7,1.8,1.25,0.0,0.0,0.0
2.8,1.8,1.25,0.0,0.0,0.0
2.9,1.8,1.25,0.0,0.0,0.0
3.0,1.8,1.25,0.0,0.0,0.0
3.1,1.8,1.25,0.0,0.0,0.0
3.2,1.8,1.25,0.0,0.0,0.0
3.3,1.8,1.25,0.0,0.0,0.0
3.4,1.8,1.25,0.0,0.0,0.0
3.5,1.8,1.25,0.0,0.0,0.0
3.6,1.8,1.25,0.0,0.0,0.0
3.7,1.8,1.25,0.0,0.0,0.0
3.8,1.8,1.25,0.0,0.0,0.0
3.9,1.8,1.25,0.0,0.0,0.0
4.0,1.8,1.25,0.0,0.0,0.0
4.1,1.8,1.25,0.0,0.0,0.0
4.2,1.8,1.25,0.0,0.0,0.0
4.3,1.8,1.25,0.0,0.0,0.0
4.4,1.8,1.25,0.0,0.0,0.0
4.5,1.8,1.25,0.2,7.63407e-11,5.0902367e-05
4.6,1.8,1.25,0.2,7.63407e-11,5.0902367e-05
4.7,1.8,1.25,0.2,5.612324e-10,0.00037407875
4.8,1.8,1.25,1.0,2.628308e-08,0.01736945
4.9,1.8,1.25,1.2,9.6510654e-08,0.062314272
5.0,1.8,1.25,0.6,7.139138e-10,0.00047582388
5.1,1.8,1.25,1.0,7.090388e-08,0.04616946
5.2,1.8,1.25,3.2,7.09096e-08,0.046173096
5.3,1.8,1.25,1.0,2.78031e-10,0.00018531084
5.4,1.8,1.25,0.0,0.0,0.0
5.5,1.8,1.25,0.2,3.591888e-11,2.3961067e-05
5.6,1.8,1.25,0.2,2.827434e-12,1.9073486e-06
5.7,1.8,1.25,1.8,3.356268e-10,0.00022375584
5.8,1.8,1.25,3.0,7.511386e-09,0.004995048
5.9,1.8,1.25,18.8,4.68095e-08,0.030724466
0.0,1.9,1.25,64.0,2.040938e-07,0.12721193
0.1,1.9,1.25,60.2,6.924618e-07,0.36975157
0.2,1.9,1.25,133.8,3.534634e-06,0.9052414
0.3,1.9,1.25,186.0,1.7567623e-06,0.6899975
0.4,1.9,1.25,156.4,3.707278e-07,0.21897793
0.5,1.9,1.25,97.6,1.9151715e-07,0.11986333
0.6,1.9,1.25,8.6,3.429072e-08,0.022601187
0.7,1.9,1.25,2.8,2.83566e-08,0.018726826
0.8,1.9,1.25,0.6,2.5582262e-08,0.016910255
0.9,1.9,1.25,1.0,7.5542225e-11,5.0365925e-05
1.0,1.9,1.25,4.0,1.6891366e-07,0.10650015
1.1,1.9,1.25,4.4,4.415012e-07,0.25497246
1.2,1.9,1.25,0.0,0.0,0.0
1.3,1.9,1.25,0.0,0.0,0.0
1.4,1.9,1.25,0.0,0.0,0.0
1.5,1.9,1.25,0.0,0.0,0.0
1.6,1.9,1.25,0.0,0.0,0.0
1.7,1.9,1.25,0.0,0.0,0.0
1.8,1.9,1.25,0.0,0.0,0.0
1.9,1.9,1.25,0.0,0.0,0.0
2.0,1.9,1.25,0.0,0.0,0.0
2.1,1.9,1.25,0.0,0.0,0.0
2.2,1.9,1.25,0.0,0.0,0.0
2.3,1.9,1.25,0.0,0.0,0.0
2.4,1.9,1.25,0.0,0.0,0.0
2.5,1.9,1.25,0.0,0.0,0.0
2.6,1.9,1.25,0.0,0.0,0.0
2.7,1.9,1.25,0.0,0.0,0.0
2.8,1.9,1.25,0.0,0.0,0.0
2.9,1.9,1.25,0.0,0.0,0.0
3.0,1.9,1.25,0.2,2.556634e-08,0.016899824
3.1,1.9,1.25,0.0,0.0,0.0
3.2,1.9,1.25,0.0,0.0,0.0
3.3,1.9,1.25,0.0,0.0,0.0
3.4,1.9,1.25,0.0,0.0,0.0
3.5,1.9,1.25,0.0,0.0,0.0
3.6,1.9,1.25,0.0,0.0,0.0
3.7,1.9,1.25,0.0,0.0,0.0
3.8,1.9,1.25,0.0,0.0,0.0
3.9,1.9,1.25,0.0,0.0,0.0
4.0,1.9,1.25,0.0,0.0,0.0
4.1,1.9,1.25,0.0,0.0,0.0
4.2,1.9,1.25,0.0,0.0,0.0
4.3,1.9,1.25,0.0,0.0,0.0
4.4,1.9,1.25,0.2,7.63407e-11,5.0902367e-05
4.5,1.9,1.25,0.8,2.64941e-10,0.00017660856
4.6,1.9,1.25,0.8,2.64941e-10,0.00017660856
4.7,1.9,1.25,1.0,7.0419e-08,0.045861065
4.8,1.9,1.25,2.0,7.117166e-08,0.04633975
4.9,1.9,1.25,4.0,7.163872e-08,0.04663664
5.0,1.9,1.25,3.4,7.289706e-08,0.04743606
5.1,1.9,1.25,2.0,7.052966e-08,0.04593146
5.2,1.9,1.25,2.0,5.759586e-10,0.00038391352
5.3,1.9,1.25,1.0,7.0419e-08,0.045861065
5.4,1.9,1.25,0.8,2.560562e-08,0.016925514
5.5,1.9,1.25,0.6,1.15086995e-10,7.671118e-05
5.6,1.9,1.25,0.4,3.87463e-11,2.5808811e-05
5.7,1.9,1.25,4.6,2.068072e-09,0.0013777614
5.8,1.9,1.25,3.2,3.242868e-08,0.0213871
5.9,1.9,1.25,23.4,8.3041743e-07,0.4251302
0.0,2.0,1.25,916.4,1.5934518e-06,0.6543405
0.1,2.0,1.25,1090.6,2.398846e-06,0.79794806
0.2,2.0,1.25,1015.6,3.66001e-06,0.9128397
0.3,2.0,1.25,1272.4,1.3669012e-05,0.99988973
0.4,2.0,1.25,1520.2,3.7884758e-05,1.0
0.5,2.0,1.25,1560.4,2.779814e-05,1.0
0.6,2.0,1.25,1839.4,0.00023471781,1.0
0.7,2.0,1.25,730.4,0.0007405316,1.0
0.8,2.0,1.25,164.2,0.00276407,1.0
0.9,2.0,1.25,782.6,0.004442568,1.0
1.0,2.0,1.25,1242.0,0.005180832,1.0
1.1,2.0,1.25,1.0,2.421884e-10,0.00016146898
1.2,2.0,1.25,0.0,0.0,0.0
1.3,2.0,1.25,0.0,0.0,0.0
1.4,2.0,1.25,0.0,0.0,0.0
1.5,2.0,1.25,0.0,0.0,0.0
1.6,2.0,1.25,0.0,0.0,0.0
1.7,2.0,1.25,0.0,0.0,0.0
1.8,2.0,1.25,0.0,0.0,0.0
1.9,2.0,1.25,0.0,0.0,0.0
2.0,2.0,1.25,0.0,0.0,0.0
2.1,2.0,1.25,0.0,0.0,0.0
2.2,2.0,1.25,0.0,0.0,0.0
2.3,2.0,1.25,0.0,0.0,0.0
2.4,2.0,1.25,0.0,0.0,0.0
2.5,2.0,1.25,0.0,0.0,0.0
2.6,2.0,1.25,0.0,0.0,0.0
2.7,2.0,1.25,0.0,0.0,0.0
2.8,2.0,1.25,0.0,0.0,0.0
2.9,2.0,1.25,0.0,0.0,0.0
3.0,2.0,1.25,0.0,0.0,0.0
3.1,2.0,1.25,0.0,0.0,0.0
3.2,2.0,1.25,0.0,0.0,0.0
3.3,2.0,1.25,0.0,0.0,0.0
3.4,2.0,1.25,0.0,0.0,0.0
3.5,2.0,1.25,0.0,0.0,0.0
3.6,2.0,1.25,0.0,0.0,0.0
3.7,2.0,1.25,0.0,0.0,0.0
3.8,2.0,1.25,0.0,0.0,0.0
3.9,2.0,1.25,0.0,0.0,0.0
4.0,2.0,1.25,0.0,0.0,0.0
4.1,2.0,1.25,0.0,0.0,0.0
4.2,2.0,1.25,0.0,0.0,0.0
4.3,2.0,1.25,0.0,0.0,0.0
4.4,2.0,1.25,0.0,0.0,0.0
4.5,2.0,1.25,0.6,7.030674e-08,0.04578966
4.6,2.0,1.25,1.2,7.049534e-08,0.045909643
4.7,2.0,1.25,1.6,7.05745e-08,0.04596001
4.8,2.0,1.25,5.4,2.6743379e-08,0.01767093
4.9,2.0,1.25,5.4,2.67178e-08,0.01765418
5.0,2.0,1.25,0.6,7.024348e-08,0.045749426
5.1,2.0,1.25,2.8,7.0690916e-08,0.046034038
5.2,2.0,1.25,3.2,1.4095421e-07,0.08968943
5.3,2.0,1.25,2.6,1.4078617e-07,0.08958745
5.4,2.0,1.25,0.8,2.560562e-08,0.016925514
5.5,2.0,1.25,0.6,9.2258104e-11,6.151199e-05
5.6,2.0,1.25,0.2,2.827434e-12,1.9073486e-06
5.7,2.0,1.25,1.0,1.743584e-10,0.00011622906
5.8,2.0,1.25,8.2,1.8823786e-07,0.11793709
5.9,2.0,1.25,215.2,2.4994952e-06,0.8110608
0.0,2.1,1.25,94.4,4.236562e-07,0.2460562
0.1,2.1,1.25,198.79999,3.790764e-07,0.2233128
0.2,2.1,1.25,62.2,6.082776e-08,0.039740622
0.3,2.1,1.25,25.8,9.6474764e-08,0.06229186
0.4,2.1,1.25,21.0,1.7650355e-07,0.11100978
0.5,2.1,1.25,7.8,2.1645701e-07,0.13437605
0.6,2.1,1.25,45.4,2.5421622e-07,0.15589422
0.7,2.1,1.25,328.6,3.69051e-07,0.21810436
0.8,2.1,1.25,0.2,3.591888e-11,2.3961067e-05
0.9,2.1,1.25,1.6,2.49462e-09,0.0016617179
1.0,2.1,1.25,11.0,1.5877666e-07,0.100441396
1.1,2.1,1.25,3.0,1.5820606e-07,0.10009915
1.2,2.1,1.25,0.4,2.7744182e-08,0.018326104
1.3,2.1,1.25,0.2,2.556634e-08,0.016899824
1.4,2.1,1.25,0.2,2.556634e-08,0.016899824
1.5,2.1,1.25,0.0,0.0,0.0
1.6,2.1,1.25,0.0,0.0,0.0
1.7,2.1,1.25,0.0,0.0,0.0
1.8,2.1,1.25,0.0,0.0,0.0
1.9,2.1,1.25,0.0,0.0,0.0
2.0,2.1,1.25,0.0,0.0,0.0
2.1,2.1,1.25,0.0,0.0,0.0
2.2,2.1,1.25,0.0,0.0,0.0
2.3,2.1,1.25,0.0,0.0,0.0
2.4,2.1,1.25,0.0,0.0,0.0
2.5,2.1,1.25,0.0,0.0,0.0
2.6,2.1,1.25,0.0,0.0,0.0
2.7,2.1,1.25,0.0,0.0,0.0
2.8,2.1,1.25,0.0,0.0,0.0
2.9,2.1,1.25,0.0,0.0,0.0
3.0,2.1,1.25,0.0,0.0,0.0
3.1,2.1,1.25,0.0,0.0,0.0
3.2,2.1,1.25,0.0,0.0,0.0
3.3,2.1,1.25,0.0,0.0,0.0
3.4,2.1,1.25,0.0,0.0,0.0
3.5,2.1,1.25,0.0,0.0,0.0
3.6,2.1,1.25,0.0,0.0,0.0
3.7,2.1,1.25,0.0,0.0,0.0
3.8,2.1,1.25,0.0,0.0,0.0
3.9,2.1,1.25,0.0,0.0,0.0
4.0,2.1,1.25,0.0,0.0,0.0
4.1,2.1,1.25,0.0,0.0,0.0
4.2,2.1,1.25,0.0,0.0,0.0
4.3,2.1,1.25,0.0,0.0,0.0
4.4,2.1,1.25,0.4,1.526814e-10,0.00010180473
4.5,2.1,1.25,0.6,7.030674e-08,0.04578966
4.6,2.1,1.25,0.6,1.5550884e-10,0.00010365248
4.7,2.1,1.25,3.0,5.21801e-10,0.0003477931
4.8,2.1,1.25,5.4,2.663696e-08,0.017601252
4.9,2.1,1.25,1.0,1.9150406e-10,0.00012767315
5.0,2.1,1.25,1.0,7.028224e-08,0.045774102
5.1,2.1,1.25,2.4,5.03702e-10,0.00033575296
5.2,2.1,1.25,2.8,1.6633199e-07,0.10496098
5.3,2.1,1.25,1.0,2.147802e-10,0.00014317036
5.4,2.1,1.25,0.8,2.5618181e-08,0.016933799
5.5,2.1,1.25,0.2,2.827434e-12,1.9073486e-06
5.6,2.1,1.25,0.2,2.827434e-12,1.9073486e-06
5.7,2.1,1.25,1.6,3.4012979e-10,0.00022673607
5.8,2.1,1.25,15.6,5.0115597e-07,0.28402066
5.9,2.1,1.25,27.6,9.438747e-07,0.46700847
0.0,2.2,1.25,166.4,4.58361e-07,0.26329958
0.1,2.2,1.25,83.4,1.224591e-07,0.078395784
0.2,2.2,1.25,3.6,2.625174e-08,0.017348886
0.3,2.2,1.25,2.8,7.7098335e-08,0.050100327
0.4,2.2,1.25,3.4,8.382456e-08,0.054350257
0.5,2.2,1.25,1.6,1.04568585e-07,0.06733799
0.6,2.2,1.25,0.4,2.190934e-09,0.0014595389
0.7,2.2,1.25,0.2,2.556634e-08,0.016899824
0.8,2.2,1.25,0.2,2.827434e-12,1.9073486e-06
0.9,2.2,1.25,0.4,2.903774e-12,1.9073486e-06
1.0,2.2,1.25,3.2,5.157604e-08,0.03379959
1.1,2.2,1.25,3.8,1.069824e-07,0.06883764
1.2,2.2,1.25,1.6,2.790836e-08,0.01843357
1.3,2.2,1.25,0.0,0.0,0.0
1.4,2.2,1.25,0.2,2.1778441e-09,0.0014508367
1.5,2.2,1.25,0.0,0.0,0.0
1.6,2.2,1.25,0.0,0.0,0.0
1.7,2.2,1.25,0.0,0.0,0.0
1.8,2.2,1.25,0.0,0.0,0.0
1.9,2.2,1.25,0.0,0.0,0.0
2.0,2.2,1.25,0.0,0.0,0.0
2.1,2.2,1.25,0.0,0.0,0.0
2.2,2.2,1.25,0.0,0.0,0.0
2.3,2.2,1.25,0.0,0.0,0.0
2.4,2.2,1.25,0.0,0.0,0.0
2.5,2.2,1.25,0.0,0.0,0.0
2.6,2.2,1.25,0.0,0.0,0.0
2.7,2.2,1.25,0.0,0.0,0.0
2.8,2.2,1.25,0.0,0.0,0.0
2.9,2.2,1.25,0.0,0.0,0.0
3.0,2.2,1.25,0.0,0.0,0.0
3.1,2.2,1.25,0.0,0.0,0.0
3.2,2.2,1.25,0.0,0.0,0.0
3.3,2.2,1.25,0.0,0.0,0.0
3.4,2.2,1.25,0.0,0.0,0.0
3.5,2.2,1.25,0.2,3.591888e-11,2.3961067e-05
3.6,2.2,1.25,0.2,3.591888e-11,2.3961067e-05
3.7,2.2,1.25,0.0,0.0,0.0
3.8,2.2,1.25,0.0,0.0,0.0
3.9,2.2,1.25,0.0,0.0,0.0
4.0,2.2,1.25,0.0,0.0,0.0
4.1,2.2,1.25,0.0,0.0,0.0
4.2,2.2,1.25,0.0,0.0,0.0
4.3,2.2,1.25,0.0,0.0,0.0
4.4,2.2,1.25,0.2,7.015406e-08,0.045692563
4.5,2.2,1.25,0.2,7.015406e-08,0.045692563
4.6,2.2,1.25,0.0,0.0,0.0
4.7,2.2,1.25,3.0,1.7478097e-09,0.0011645555
4.8,2.2,1.25,1.4,3.54448e-10,0.00023627281
4.9,2.2,1.25,0.4,7.016714e-08,0.045700848
5.0,2.2,1.25,2.0,7.050226e-08,0.045914054
5.1,2.2,1.25,3.6,9.640526e-08,0.06224841
5.2,2.2,1.25,2.8,2.600962e-08,0.017190278
5.3,2.2,1.25,0.2,3.591888e-11,2.3961067e-05
5.4,2.2,1.25,0.2,2.827434e-12,1.9073486e-06
5.5,2.2,1.25,0.2,2.827434e-12,1.9073486e-06
5.6,2.2,1.25,0.0,0.0,0.0
5.7,2.2,1.25,0.2,7.63407e-11,5.0902367e-05
5.8,2.2,1.25,13.4,2.9574306e-07,0.17894244
5.9,2.2,1.25,27.2,1.4258378e-06,0.61347497
0.0,2.3,1.25,66.6,2.312108e-07,0.14284843
0.1,2.3,1.25,24.2,9.0934535e-08,0.058822036
0.2,2.3,1.25,7.6,5.4957678e-08,0.035975397
0.3,2.3,1.25,5.4,1.0768332e-09,0.0007176399
0.4,2.3,1.25,1.4,2.572026e-08,0.017000675
0.5,2.3,1.25,1.4,5.1210257e-08,0.03356397
0.6,2.3,1.25,0.2,2.827434e-12,1.9073486e-06
0.7,2.3,1.25,0.2,2.827434e-12,1.9073486e-06
0.8,2.3,1.25,0.2,2.827434e-12,1.9073486e-06
0.9,2.3,1.25,0.0,0.0,0.0
1.0,2.3,1.25,0.2,2.827434e-12,1.9073486e-06
1.1,2.3,1.25,0.2,2.827434e-12,1.9073486e-06
1.2,2.3,1.25,0.0,0.0,0.0
1.3,2.3,1.25,0.0,0.0,0.0
1.4,2.3,1.25,0.0,0.0,0.0
1.5,2.3,1.25,0.0,0.0,0.0
1.6,2.3,1.25,0.0,0.0,0.0
1.7,2.3,1.25,0.0,0.0,0.0
1.8,2.3,1.25,0.0,0.0,0.0
1.9,2.3,1.25,0.0,0.0,0.0
2.0,2.3,1.25,0.0,0.0,0.0
2.1,2.3,1.25,0.0,0.0,0.0
2.2,2.3,1.25,0.0,0.0,0.0
2.3,2.3,1.25,0.0,0.0,0.0
2.4,2.3,1.25,0.0,0.0,0.0
2.5,2.3,1.25,0.0,0.0,0.0
2.6,2.3,1.25,0.0,0.0,0.0
2.7,2.3,1.25,0.0,0.0,0.0
2.8,2.3,1.25,0.0,0.0,0.0
2.9,2.3,1.25,0.0,0.0,0.0
3.0,2.3,1.25,0.0,0.0,0.0
3.1,2.3,1.25,0.0,0.0,0.0
3.2,2.3,1.25,0.0,0.0,0.0
3.3,2.3,1.25,0.0,0.0,0.0
3.4,2.3,1.25,0.0,0.0,0.0
3.5,2.3,1.25,0.0,0.0,0.0
3.6,2.3,1.25,0.2,3.591888e-11,2.3961067e-05
3.7,2.3,1.25,0.0,0.0,0.0
3.8,2.3,1.25,0.0,0.0,0.0
3.9,2.3,1.25,0.0,0.0,0.0
4.0,2.3,1.25,0.0,0.0,0.0
4.1,2.3,1.25,0.0,0.0,0.0
4.2,2.3,1.25,0.0,0.0,0.0
4.3,2.3,1.25,0.0,0.0,0.0
4.4,2.3,1.25,0.2,7.015406e-08,0.045692563
4.5,2.3,1.25,0.0,0.0,0.0
4.6,2.3,1.25,0.2,2.556634e-08,0.016899824
4.7,2.3,1.25,0.4,1.1225958e-10,7.4863434e-05
4.8,2.3,1.25,0.4,1.4030812e-07,0.089297295
4.9,2.3,1.25,1.6,2.4258657e-07,0.14932436
5.0,2.3,1.25,2.0,2.4262255e-07,0.14934474
5.1,2.3,1.25,2.6,7.060184e-08,0.045977354
5.2,2.3,1.25,1.0,2.563128e-08,0.016942382
5.3,2.3,1.25,0.2,2.827434e-12,1.9073486e-06
5.4,2.3,1.25,52.4,1.0392774e-08,0.0069045424
5.5,2.3,1.25,4.4,1.2247564e-06,0.558026
5.6,2.3,1.25,13.8,1.5234654e-06,0.63783073
5.7,2.3,1.25,28.4,3.3323117e-06,0.8915582
5.8,2.3,1.25,52.999996,5.9206463e-06,0.98068935
5.9,2.3,1.25,42.6,2.473737e-06,0.8077883
0.0,2.4,1.25,20.0,1.331825e-08,0.008839548
0.1,2.4,1.25,30.6,1.2805152e-07,0.081825376
0.2,2.4,1.25,18.2,6.799668e-08,0.044319034
0.3,2.4,1.25,9.6,2.9673938e-08,0.019588232
0.4,2.4,1.25,2.6,5.1498898e-08,0.033749938
0.5,2.4,1.25,2.4,2.5899478e-08,0.017118096
0.6,2.4,1.25,1.6,2.5733339e-08,0.017009258
0.7,2.4,1.25,0.2,2.827434e-12,1.9073486e-06
0.8,2.4,1.25,0.2,2.827434e-12,1.9073486e-06
0.9,2.4,1.25,0.0,0.0,0.0
1.0,2.4,1.25,0.0,0.0,0.0
1.1,2.4,1.25,0.0,0.0,0.0
1.2,2.4,1.25,0.0,0.0,0.0
1.3,2.4,1.25,0.0,0.0,0.0
1.4,2.4,1.25,0.0,0.0,0.0
1.5,2.4,1.25,0.0,0.0,0.0
1.6,2.4,1.25,0.0,0.0,0.0
1.7,2.4,1.25,0.0,0.0,0.0
1.8,2.4,1.25,0.0,0.0,0.0
1.9,2.4,1.25,0.0,0.0,0.0
2.0,2.4,1.25,0.0,0.0,0.0
2.1,2.4,1.25,0.0,0.0,0.0
2.2,2.4,1.25,0.0,0.0,0.0
2.3,2.4,1.25,0.0,0.0,0.0
2.4,2.4,1.25,0.0,0.0,0.0
2.5,2.4,1.25,0.0,0.0,0.0
2.6,2.4,1.25,0.0,0.0,0.0
2.7,2.4,1.25,0.0,0.0,0.0
2.8,2.4,1.25,0.0,0.0,0.0
2.9,2.4,1.25,0.0,0.0,0.0
3.0,2.4,1.25,0.0,0.0,0.0
3.1,2.4,1.25,0.0,0.0,0.0
3.2,2.4,1.25,0.0,0.0,0.0
3.3,2.4,1.25,0.0,0.0,0.0
3.4,2.4,1.25,0.0,0.0,0.0
3.5,2.4,1.25,0.2,3.591888e-11,2.3961067e-05
3.6,2.4,1.25,0.2,3.591888e-11,2.3961067e-05
3.7,2.4,1.25,0.0,0.0,0.0
3.8,2.4,1.25,0.0,0.0,0.0
3.9,2.4,1.25,0.2,7.015406e-08,0.045692563
4.0,2.4,1.25,0.0,0.0,0.0
4.1,2.4,1.25,0.0,0.0,0.0
4.2,2.4,1.25,0.0,0.0,0.0
4.3,2.4,1.25,0.0,0.0,0.0
4.4,2.4,1.25,0.2,7.015406e-08,0.045692563
4.5,2.4,1.25,0.0,0.0,0.0
4.6,2.4,1.25,0.0,0.0,0.0
4.7,2.4,1.25,0.0,0.0,0.0
4.8,2.4,1.25,0.0,0.0,0.0
4.9,2.4,1.25,0.2,7.015406e-08,0.045692563
5.0,2.4,1.25,1237.4,0.0051806425,1.0
5.1,2.4,1.25,888.0,0.004873716,1.0
5.2,2.4,1.25,65.0,0.0026770658,1.0
5.3,2.4,1.25,174.79999,0.00074084743,1.0
5.4,2.4,1.25,1847.4,0.00015476874,1.0
5.5,2.4,1.25,889.6,9.468164e-05,1.0
5.6,2.4,1.25,379.8,4.7711517e-05,1.0
5.7,2.4,1.25,350.4,1.4120575e-05,0.9999184
5.8,2.4,1.25,153.4,1.1409302e-05,0.99950266
5.9,2.4,1.25,274.0,1.1849368e-05,0.9996291
0.0,2.5,1.25,0.6,1.3050829e-09,0.0008696914
0.1,2.5,1.25,12.6,8.5128235e-08,0.055171788
0.2,2.5,1.25,5.2,7.9578264e-08,0.05166948
0.3,2.5,1.25,1.2,2.783844e-10,0.00018554926
0.4,2.5,1.25,0.2,1.3089969e-11,8.702278e-06
0.5,2.5,1.25,0.2,1.3089969e-11,8.702278e-06
0.6,2.5,1.25,0.0,0.0,0.0
0.7,2.5,1.25,0.0,0.0,0.0
0.8,2.5,1.25,0.0,0.0,0.0
0.9,2.5,1.25,0.0,0.0,0.0
1.0,2.5,1.25,0.0,0.0,0.0
1.1,2.5,1.25,0.0,0.0,0.0
1.2,2.5,1.25,0.0,0.0,0.0
1.3,2.5,1.25,0.0,0.0,0.0
1.4,2.5,1.25,0.0,0.0,0.0
1.5,2.5,1.25,0.0,0.0,0.0
1.6,2.5,1.25,0.0,0.0,0.0
1.7,2.5,1.25,0.0,0.0,0.0
1.8,2.5,1.25,0.0,0.0,0.0
1.9,2.5,1.25,0.0,0.0,0.0
2.0,2.5,1.25,0.0,0.0,0.0
2.1,2.5,1.25,0.0,0.0,0.0
2.2,2.5,1.25,0.0,0.0,0.0
2.3,2.5,1.25,0.0,0.0,0.0
2.4,2.5,1.25,0.0,0.0,0.0
2.5,2.5,1.25,0.0,0.0,0.0
2.6,2.5,1.25,0.0,0.0,0.0
2.7,2.5,1.25,0.0,0.0,0.0
2.8,2.5,1.25,0.0,0.0,0.0
2.9,2.5,1.25,0.0,0.0,0.0
3.0,2.5,1.25,0.0,0.0,0.0
3.1,2.5,1.25,0.0,0.0,0.0
3.2,2.5,1.25,0.0,0.0,0.0
3.3,2.5,1.25,0.0,0.0,0.0
3.4,2.5,1.25,0.0,0.0,0.0
3.5,2.5,1.25,0.2,3.591888e-11,2.3961067e-05
3.6,2.5,1.25,0.0,0.0,0.0
3.7,2.5,1.25,0.0,0.0,0.0
3.8,2.5,1.25,0.2,3.591888e-11,2.3961067e-05
3.9,2.5,1.25,0.0,0.0,0.0
4.0,2.5,1.25,0.0,0.0,0.0
4.1,2.5,1.25,0.0,0.0,0.0
4.2,2.5,1.25,0.0,0.0,0.0
4.3,2.5,1.25,0.0,0.0,0.0
4.4,2.5,1.25,0.0,0.0,0.0
4.5,2.5,1.25,0.0,0.0,0.0
4.6,2.5,1.25,0.0,0.0,0.0
4.7,2.5,1.25,0.0,0.0,0.0
4.8,2.5,1.25,0.0,0.0,0.0
4.9,2.5,1.25,15.6,4.2482537e-07,0.24664366
5.0,2.5,1.25,107.0,1.5041852e-06,0.6331456
5.1,2.5,1.25,97.99999,5.2833934e-07,0.29687893
5.2,2.5,1.25,3.8,1.3218838e-07,0.0843541
5.3,2.5,1.25,2.8,3.759777e-09,0.002503395
5.4,2.5,1.25,0.8,1.790051e-09,0.0011926293
5.5,2.5,1.25,802.2001,7.185402e-07,0.3806141
5.6,2.5,1.25,647.4,6.47181e-07,0.3504361
5.7,2.5,1.25,1121.6,1.228427e-06,0.55910623
5.8,2.5,1.25,390.6,9.858308e-07,0.48171008
5.9,2.5,1.25,103.8,3.97533e-07,0.23281091
0.0,2.6,1.25,0.0,0.0,0.0
0.1,2.6,1.25,1.0,7.5266016e-10,0.0005016327
0.2,2.6,1.25,0.0,0.0,0.0
0.3,2.6,1.25,0.0,0.0,0.0
0.4,2.6,1.25,0.0,0.0,0.0
0.5,2.6,1.25,0.0,0.0,0.0
0.6,2.6,1.25,0.0,0.0,0.0
0.7,2.6,1.25,0.0,0.0,0.0
0.8,2.6,1.25,0.0,0.0,0.0
0.9,2.6,1.25,0.0,0.0,0.0
1.0,2.6,1.25,0.0,0.0,0.0
1.1,2.6,1.25,0.0,0.0,0.0
1.2,2.6,1.25,0.0,0.0,0.0
1.3,2.6,1.25,0.0,0.0,0.0
1.4,2.6,1.25,0.0,0.0,0.0
1.5,2.6,1.25,0.0,0.0,0.0
1.6,2.6,1.25,0.0,0.0,0.0
1.7,2.6,1.25,0.0,0.0,0.0
1.8,2.6,1.25,0.0,0.0,0.0
1.9,2.6,1.25,0.2,7.015406e-08,0.045692563
2.0,2.6,1.25,0.0,0.0,0.0
2.1,2.6,1.25,0.0,0.0,0.0
2.2,2.6,1.25,0.0,0.0,0.0
2.3,2.6,1.25,0.0,0.0,0.0
2.4,2.6,1.25,0.0,0.0,0.0
2.5,2.6,1.25,0.0,0.0,0.0
2.6,2.6,1.25,0.0,0.0,0.0
2.7,2.6,1.25,0.0,0.0,0.0
2.8,2.6,1.25,0.0,0.0,0.0
2.9,2.6,1.25,0.0,0.0,0.0
3.0,2.6,1.25,0.0,0.0,0.0
3.1,2.6,1.25,0.0,0.0,0.0
3.2,2.6,1.25,0.0,0.0,0.0
3.3,2.6,1.25,0.0,0.0,0.0
3.4,2.6,1.25,0.0,0.0,0.0
3.5,2.6,1.25,0.0,0.0,0.0
3.6,2.6,1.25,0.0,0.0,0.0
3.7,2.6,1.25,0.0,0.0,0.0
3.8,2.6,1.25,1.4,7.049084e-08,0.045906782
3.9,2.6,1.25,1.0,7.0345486e-08,0.045814335
4.0,2.6,1.25,2.4,5.21295e-10,0.00034749508
4.1,2.6,1.25,1.6,4.0338038e-10,0.00026887655
4.2,2.6,1.25,0.4,8.943066e-11,5.9604645e-05
4.3,2.6,1.25,0.0,0.0,0.0
4.4,2.6,1.25,0.0,0.0,0.0
4.5,2.6,1.25,0.0,0.0,0.0
4.6,2.6,1.25,0.0,0.0,0.0
4.7,2.6,1.25,0.0,0.0,0.0
4.8,2.6,1.25,0.0,0.0,0.0
4.9,2.6,1.25,10.8,7.4788446e-08,0.048636436
5.0,2.6,1.25,343.6,1.868823e-06,0.71231294
5.1,2.6,1.25,110.4,2.097224e-07,0.13048089
5.2,2.6,1.25,1.4,2.6836838e-10,0.00017887354
5.3,2.6,1.25,0.0,0.0,0.0
5.4,2.6,1.25,0.0,0.0,0.0
5.5,2.6,1.25,0.0,0.0,0.0
5.6,2.6,1.25,0.6,5.1133043e-08,0.0335142
5.7,2.6,1.25,0.4,2.55667e-08,0.016900003
5.8,2.6,1.25,5.2,1.5735692e-09,0.0010485053
5.9,2.6,1.25,13.2,3.91692e-09,0.002607882
0.0,2.7,1.25,0.0,0.0,0.0
0.1,2.7,1.25,0.0,0.0,0.0
0.2,2.7,1.25,0.0,0.0,0.0
0.3,2.7,1.25,0.0,0.0,0.0
0.4,2.7,1.25,0.0,0.0,0.0
0.5,2.7,1.25,0.0,0.0,0.0
0.6,2.7,1.25,0.0,0.0,0.0
0.7,2.7,1.25,0.0,0.0,0.0
0.8,2.7,1.25,0.0,0.0,0.0
0.9,2.7,1.25,0.0,0.0,0.0
1.0,2.7,1.25,0.0,0.0,0.0
1.1,2.7,1.25,0.0,0.0,0.0
1.2,2.7,1.25,0.0,0.0,0.0
1.3,2.7,1.25,0.0,0.0,0.0
1.4,2.7,1.25,0.0,0.0,0.0
1.5,2.7,1.25,0.0,0.0,0.0
1.6,2.7,1.25,0.0,0.0,0.0
1.7,2.7,1.25,0.0,0.0,0.0
1.8,2.7,1.25,0.0,0.0,0.0
1.9,2.7,1.25,0.2,7.015406e-08,0.045692563
2.0,2.7,1.25,0.0,0.0,0.0
2.1,2.7,1.25,0.0,0.0,0.0
2.2,2.7,1.25,0.0,0.0,0.0
2.3,2.7,1.25,0.0,0.0,0.0
2.4,2.7,1.25,0.0,0.0,0.0
2.5,2.7,1.25,0.0,0.0,0.0
2.6,2.7,1.25,0.0,0.0,0.0
2.7,2.7,1.25,0.0,0.0,0.0
2.8,2.7,1.25,0.0,0.0,0.0
2.9,2.7,1.25,0.0,0.0,0.0
3.0,2.7,1.25,0.0,0.0,0.0
3.1,2.7,1.25,0.0,0.0,0.0
3.2,2.7,1.25,0.0,0.0,0.0
3.3,2.7,1.25,0.0,0.0,0.0
3.4,2.7,1.25,0.0,0.0,0.0
3.5,2.7,1.25,0.0,0.0,0.0
3.6,2.7,1.25,0.2,7.015406e-08,0.045692563
3.7,2.7,1.25,0.0,0.0,0.0
3.8,2.7,1.25,0.6,1.15086995e-10,7.671118e-05
3.9,2.7,1.25,1.8,1.4065799e-07,0.089509666
4.0,2.7,1.25,2.6,4.201836e-10,0.00028008223
4.1,2.7,1.25,2.4,2.879226e-10,0.00019192696
4.2,2.7,1.25,0.6,1.8860027e-10,0.0001257062
4.3,2.7,1.25,0.4,4.9008842e-11,3.2663345e-05
4.4,2.7,1.25,0.0,0.0,0.0
4.5,2.7,1.25,0.0,0.0,0.0
4.6,2.7,1.25,0.0,0.0,0.0
4.7,2.7,1.25,0.0,0.0,0.0
4.8,2.7,1.25,5.2,1.23717e-09,0.00082445145
4.9,2.7,1.25,51.8,1.4235395e-08,0.009445369
5.0,2.7,1.25,105.0,4.901644e-08,0.032149494
5.1,2.7,1.25,54.4,5.2099978e-08,0.03413701
5.2,2.7,1.25,0.2,7.63407e-11,5.0902367e-05
5.3,2.7,1.25,0.0,0.0,0.0
5.4,2.7,1.25,0.0,0.0,0.0
5.5,2.7,1.25,2.2,1.4500544e-09,0.0009662509
5.6,2.7,1.25,51.6,5.03022e-08,0.032978773
5.7,2.7,1.25,8.4,9.543846e-09,0.0063423514
5.8,2.7,1.25,3.0,2.8135039e-09,0.0018739104
5.9,2.7,1.25,11.4,7.231678e-08,0.047067463
0.0,2.8,1.25,0.0,0.0,0.0
0.1,2.8,1.25,0.0,0.0,0.0
0.2,2.8,1.25,0.0,0.0,0.0
0.3,2.8,1.25,0.0,0.0,0.0
0.4,2.8,1.25,0.0,0.0,0.0
0.5,2.8,1.25,0.0,0.0,0.0
0.6,2.8,1.25,0.0,0.0,0.0
0.7,2.8,1.25,0.0,0.0,0.0
0.8,2.8,1.25,0.0,0.0,0.0
0.9,2.8,1.25,0.0,0.0,0.0
1.0,2.8,1.25,0.0,0.0,0.0
1.1,2.8,1.25,0.0,0.0,0.0
1.2,2.8,1.25,0.0,0.0,0.0
1.3,2.8,1.25,0.0,0.0,0.0
1.4,2.8,1.25,0.0,0.0,0.0
1.5,2.8,1.25,0.0,0.0,0.0
1.6,2.8,1.25,0.0,0.0,0.0
1.7,2.8,1.25,0.0,0.0,0.0
1.8,2.8,1.25,0.0,0.0,0.0
1.9,2.8,1.25,0.0,0.0,0.0
2.0,2.8,1.25,0.0,0.0,0.0
2.1,2.8,1.25,0.2,2.556634e-08,0.016899824
2.2,2.8,1.25,0.0,0.0,0.0
2.3,2.8,1.25,0.0,0.0,0.0
2.4,2.8,1.25,0.0,0.0,0.0
2.5,2.8,1.25,0.0,0.0,0.0
2.6,2.8,1.25,0.0,0.0,0.0
2.7,2.8,1.25,0.0,0.0,0.0
2.8,2.8,1.25,0.0,0.0,0.0
2.9,2.8,1.25,0.0,0.0,0.0
3.0,2.8,1.25,0.0,0.0,0.0
3.1,2.8,1.25,0.0,0.0,0.0
3.2,2.8,1.25,0.0,0.0,0.0
3.3,2.8,1.25,0.0,0.0,0.0
3.4,2.8,1.25,0.0,0.0,0.0
3.5,2.8,1.25,0.0,0.0,0.0
3.6,2.8,1.25,0.0,0.0,0.0
3.7,2.8,1.25,0.0,0.0,0.0
3.8,2.8,1.25,2.0,1.6622917e-07,0.104899645
3.9,2.8,1.25,3.4,2.3866167e-07,0.14709556
4.0,2.8,1.25,6.4,9.779505e-08,0.06311685
4.1,2.8,1.25,3.2,7.299563e-08,0.047498643
4.2,2.8,1.25,0.4,1.4030812e-07,0.089297295
4.3,2.8,1.25,0.0,0.0,0.0
4.4,2.8,1.25,0.0,0.0,0.0
4.5,2.8,1.25,0.0,0.0,0.0
4.6,2.8,1.25,0.0,0.0,0.0
4.7,2.8,1.25,0.0,0.0,0.0
4.8,2.8,1.25,0.0,0.0,0.0
4.9,2.8,1.25,0.0,0.0,0.0
5.0,2.8,1.25,0.0,0.0,0.0
5.1,2.8,1.25,0.0,0.0,0.0
5.2,2.8,1.25,0.0,0.0,0.0
5.3,2.8,1.25,0.0,0.0,0.0
5.4,2.8,1.25,0.0,0.0,0.0
5.5,2.8,1.25,0.0,0.0,0.0
5.6,2.8,1.25,52.999996,9.196012e-08,0.05946529
5.7,2.8,1.25,85.2,1.216476e-07,0.07789707
5.8,2.8,1.25,12.4,7.662601e-08,0.04980117
5.9,2.8,1.25,0.8,2.1264e-07,0.1321705
0.0,2.9,1.25,0.0,0.0,0.0
0.1,2.9,1.25,0.0,0.0,0.0
0.2,2.9,1.25,0.0,0.0,0.0
0.3,2.9,1.25,0.0,0.0,0.0
0.4,2.9,1.25,0.0,0.0,0.0
0.5,2.9,1.25,0.0,0.0,0.0
0.6,2.9,1.25,0.0,0.0,0.0
0.7,2.9,1.25,0.0,0.0,0.0
0.8,2.9,1.25,0.0,0.0,0.0
0.9,2.9,1.25,0.0,0.0,0.0
1.0,2.9,1.25,0.0,0.0,0.0
1.1,2.9,1.25,0.0,0.0,0.0
1.2,2.9,1.25,0.0,0.0,0.0
1.3,2.9,1.25,0.0,0.0,0.0
1.4,2.9,1.25,0.0,0.0,0.0
1.5,2.9,1.25,0.0,0.0,0.0
1.6,2.9,1.25,0.0,0.0,0.0
1.7,2.9,1.25,0.0,0.0,0.0
1.8,2.9,1.25,0.0,0.0,0.0
1.9,2.9,1.25,0.0,0.0,0.0
2.0,2.9,1.25,0.0,0.0,0.0
2.1,2.9,1.25,0.0,0.0,0.0
2.2,2.9,1.25,0.0,0.0,0.0
2.3,2.9,1.25,0.0,0.0,0.0
2.4,2.9,1.25,0.0,0.0,0.0
2.5,2.9,1.25,0.0,0.0,0.0
2.6,2.9,1.25,0.0,0.0,0.0
2.7,2.9,1.25,0.0,0.0,0.0
2.8,2.9,1.25,0.0,0.0,0.0
2.9,2.9,1.25,0.0,0.0,0.0
3.0,2.9,1.25,0.0,0.0,0.0
3.1,2.9,1.25,0.0,0.0,0.0
3.2,2.9,1.25,0.0,0.0,0.0
3.3,2.9,1.25,0.0,0.0,0.0
3.4,2.9,1.25,0.0,0.0,0.0
3.5,2.9,1.25,0.0,0.0,0.0
3.6,2.9,1.25,0.0,0.0,0.0
3.7,2.9,1.25,0.0,0.0,0.0
3.8,2.9,1.25,4.8,2.841728e-07,0.17258471
3.9,2.9,1.25,5.2,2.390856e-07,0.1473366
4.0,2.9,1.25,11.2,9.905332e-08,0.06390244
4.1,2.9,1.25,2.4,4.5071383e-10,0.0003004074
4.2,2.9,1.25,0.2,7.63407e-11,5.0902367e-05
4.3,2.9,1.25,0.0,0.0,0.0
4.4,2.9,1.25,0.2,7.63407e-11,5.0902367e-05
4.5,2.9,1.25,0.0,0.0,0.0
4.6,2.9,1.25,0.0,0.0,0.0
4.7,2.9,1.25,0.0,0.0,0.0
4.8,2.9,1.25,0.0,0.0,0.0
4.9,2.9,1.25,0.0,0.0,0.0
5.0,2.9,1.25,0.0,0.0,0.0
5.1,2.9,1.25,0.0,0.0,0.0
5.2,2.9,1.25,0.0,0.0,0.0
5.3,2.9,1.25,0.0,0.0,0.0
5.4,2.9,1.25,0.0,0.0,0.0
5.5,2.9,1.25,0.0,0.0,0.0
5.6,2.9,1.25,0.0,0.0,0.0
5.7,2.9,1.25,1.0,4.4376818e-09,0.0029540658
5.8,2.9,1.25,2.8,1.4499656e-07,0.09213936
5.9,2.9,1.25,10.0,8.5231125e-07,0.43345994
0.0,3.0,1.25,0.2,3.591888e-11,2.3961067e-05
0.1,3.0,1.25,0.6,1.07756616e-10,7.18236e-05
0.2,3.0,1.25,0.0,0.0,0.0
0.3,3.0,1.25,0.0,0.0,0.0
0.4,3.0,1.25,0.0,0.0,0.0
0.5,3.0,1.25,0.0,0.0,0.0
0.6,3.0,1.25,0.0,0.0,0.0
0.7,3.0,1.25,0.0,0.0,0.0
0.8,3.0,1.25,0.0,0.0,0.0
0.9,3.0,1.25,0.0,0.0,0.0
1.0,3.0,1.25,0.0,0.0,0.0
1.1,3.0,1.25,0.0,0.0,0.0
1.2,3.0,1.25,0.0,0.0,0.0
1.3,3.0,1.25,0.0,0.0,0.0
1.4,3.0,1.25,0.0,0.0,0.0
1.5,3.0,1.25,0.0,0.0,0.0
1.6,3.0,1.25,0.0,0.0,0.0
1.7,3.0,1.25,0.0,0.0,0.0
1.8,3.0,1.25,0.0,0.0,0.0
1.9,3.0,1.25,0.0,0.0,0.0
2.0,3.0,1.25,0.0,0.0,0.0
2.1,3.0,1.25,0.0,0.0,0.0
2.2,3.0,1.25,0.0,0.0,0.0
2.3,3.0,1.25,0.0,0.0,0.0
2.4,3.0,1.25,0.0,0.0,0.0
2.5,3.0,1.25,0.0,0.0,0.0
2.6,3.0,1.25,0.0,0.0,0.0
2.7,3.0,1.25,0.0,0.0,0.0
2.8,3.0,1.25,0.0,0.0,0.0
2.9,3.0,1.25,0.0,0.0,0.0
3.0,3.0,1.25,0.0,0.0,0.0
3.1,3.0,1.25,0.0,0.0,0.0
3.2,3.0,1.25,0.0,0.0,0.0
3.3,3.0,1.25,0.2,3.591888e-11,2.3961067e-05
3.4,3.0,1.25,0.2,7.63407e-11,5.0902367e-05
3.5,3.0,1.25,0.6,1.4817846e-10,9.87649e-05
3.6,3.0,1.25,1.4,3.0651479e-10,0.00020432472
3.7,3.0,1.25,0.4,1.526814e-10,0.00010180473
3.8,3.0,1.25,1.8,1.6618841e-07,0.104875326
3.9,3.0,1.25,2.2,9.6091426e-08,0.06205219
4.0,3.0,1.25,4.2,1.0424168e-07,0.06713468
4.1,3.0,1.25,3.0,6.6613017e-09,0.0044310093
4.2,3.0,1.25,1.4,3.498688e-10,0.00023323298
4.3,3.0,1.25,1.6,3.9064402e-10,0.0002604127
4.4,3.0,1.25,0.0,0.0,0.0
4.5,3.0,1.25,0.0,0.0,0.0
4.6,3.0,1.25,0.0,0.0,0.0
4.7,3.0,1.25,0.0,0.0,0.0
4.8,3.0,1.25,0.0,0.0,0.0
4.9,3.0,1.25,0.0,0.0,0.0
5.0,3.0,1.25,0.0,0.0,0.0
5.1,3.0,1.25,1.2,7.253282e-10,0.00048345327
5.2,3.0,1.25,0.8,7.094108e-10,0.00047284365
5.3,3.0,1.25,0.0,0.0,0.0
5.4,3.0,1.25,0.0,0.0,0.0
5.5,3.0,1.25,0.0,0.0,0.0
5.6,3.0,1.25,0.0,0.0,0.0
5.7,3.0,1.25,0.0,0.0,0.0
5.8,3.0,1.25,0.0,0.0,0.0
5.9,3.0,1.25,6.0,1.6435604e-06,0.6656968
0.0,3.1,1.25,0.0,0.0,0.0
0.1,3.1,1.25,0.0,0.0,0.0
0.2,3.1,1.25,0.0,0.0,0.0
0.3,3.1,1.25,0.0,0.0,0.0
0.4,3.1,1.25,0.0,0.0,0.0
0.5,3.1,1.25,0.0,0.0,0.0
0.6,3.1,1.25,0.0,0.0,0.0
0.7,3.1,1.25,0.0,0.0,0.0
0.8,3.1,1.25,0.0,0.0,0.0
0.9,3.1,1.25,0.0,0.0,0.0
1.0,3.1,1.25,0.0,0.0,0.0
1.1,3.1,1.25,0.0,0.0,0.0
1.2,3.1,1.25,0.0,0.0,0.0
1.3,3.1,1.25,0.0,0.0,0.0
1.4,3.1,1.25,0.0,0.0,0.0
1.5,3.1,1.25,0.0,0.0,0.0
1.6,3.1,1.25,0.0,0.0,0.0
1.7,3.1,1.25,0.0,0.0,0.0
1.8,3.1,1.25,0.0,0.0,0.0
1.9,3.1,1.25,0.0,0.0,0.0
2.0,3.1,1.25,0.0,0.0,0.0
2.1,3.1,1.25,0.0,0.0,0.0
2.2,3.1,1.25,0.0,0.0,0.0
2.3,3.1,1.25,0.0,0.0,0.0
2.4,3.1,1.25,0.0,0.0,0.0
2.5,3.1,1.25,0.0,0.0,0.0
2.6,3.1,1.25,0.0,0.0,0.0
2.7,3.1,1.25,0.0,0.0,0.0
2.8,3.1,1.25,0.0,0.0,0.0
2.9,3.1,1.25,0.0,0.0,0.0
3.0,3.1,1.25,0.0,0.0,0.0
3.1,3.1,1.25,0.0,0.0,0.0
3.2,3.1,1.25,0.0,0.0,0.0
3.3,3.1,1.25,0.0,0.0,0.0
3.4,3.1,1.25,0.0,0.0,0.0
3.5,3.1,1.25,0.2,2.827434e-12,1.9073486e-06
3.6,3.1,1.25,0.6,1.15086995e-10,7.671118e-05
3.7,3.1,1.25,0.0,0.0,0.0
3.8,3.1,1.25,0.2,2.827434e-12,1.9073486e-06
3.9,3.1,1.25,2.4,9.831426e-08,0.0634411
4.0,3.1,1.25,2.8,2.82543e-08,0.01865989
4.1,3.1,1.25,16.4,9.295272e-09,0.006177664
4.2,3.1,1.25,4.0,2.4596e-09,0.0016384125
4.3,3.1,1.25,3.6,6.371652e-10,0.0004246831
4.4,3.1,1.25,1.0,1.8903006e-10,0.00012600422
4.5,3.1,1.25,0.0,0.0,0.0
4.6,3.1,1.25,0.0,0.0,0.0
4.7,3.1,1.25,0.0,0.0,0.0
4.8,3.1,1.25,1.6,2.865132e-10,0.00019097328
4.9,3.1,1.25,13.2,1.4659501e-08,0.009725392
5.0,3.1,1.25,12.4,1.4531326e-08,0.009640753
5.1,3.1,1.25,0.2,1.1928234e-09,0.00079488754
5.2,3.1,1.25,0.0,0.0,0.0
5.3,3.1,1.25,0.0,0.0,0.0
5.4,3.1,1.25,0.0,0.0,0.0
5.5,3.1,1.25,0.0,0.0,0.0
5.6,3.1,1.25,0.0,0.0,0.0
5.7,3.1,1.25,0.0,0.0,0.0
5.8,3.1,1.25,0.0,0.0,0.0
5.9,3.1,1.25,6.8,2.1302599e-06,0.75832784
0.0,3.2,1.25,0.0,0.0,0.0
0.1,3.2,1.25,0.0,0.0,0.0
0.2,3.2,1.25,0.0,0.0,0.0
0.3,3.2,1.25,0.0,0.0,0.0
0.4,3.2,1.25,0.0,0.0,0.0
0.5,3.2,1.25,0.0,0.0,0.0
0.6,3.2,1.25,0.0,0.0,0.0
0.7,3.2,1.25,0.0,0.0,0.0
0.8,3.2,1.25,0.0,0.0,0.0
0.9,3.2,1.25,0.0,0.0,0.0
1.0,3.2,1.25,0.0,0.0,0.0
1.1,3.2,1.25,0.0,0.0,0.0
1.2,3.2,1.25,0.0,0.0,0.0
1.3,3.2,1.25,0.0,0.0,0.0
1.4,3.2,1.25,0.0,0.0,0.0
1.5,3.2,1.25,0.0,0.0,0.0
1.6,3.2,1.25,0.0,0.0,0.0
1.7,3.2,1.25,0.0,0.0,0.0
1.8,3.2,1.25,0.0,0.0,0.0
1.9,3.2,1.25,0.0,0.0,0.0
2.0,3.2,1.25,0.0,0.0,0.0
2.1,3.2,1.25,0.0,0.0,0.0
2.2,3.2,1.25,0.0,0.0,0.0
2.3,3.2,1.25,0.0,0.0,0.0
2.4,3.2,1.25,0.0,0.0,0.0
2.5,3.2,1.25,0.0,0.0,0.0
2.6,3.2,1.25,0.0,0.0,0.0
2.7,3.2,1.25,0.0,0.0,0.0
2.8,3.2,1.25,0.0,0.0,0.0
2.9,3.2,1.25,0.0,0.0,0.0
3.0,3.2,1.25,0.0,0.0,0.0
3.1,3.2,1.25,0.0,0.0,0.0
3.2,3.2,1.25,0.0,0.0,0.0
3.3,3.2,1.25,0.0,0.0,0.0
3.4,3.2,1.25,0.0,0.0,0.0
3.5,3.2,1.25,0.2,2.827434e-12,1.9073486e-06
3.6,3.2,1.25,0.0,0.0,0.0
3.7,3.2,1.25,0.0,0.0,0.0
3.8,3.2,1.25,0.2,3.591888e-11,2.3961067e-05
3.9,3.2,1.25,1.8,4.740294e-09,0.0031552315
4.0,3.2,1.25,1.6,2.4992e-09,0.0016647577
4.1,3.2,1.25,3.0,1.8133643e-09,0.0012081861
4.2,3.2,1.25,0.0,0.0,0.0
4.3,3.2,1.25,2.2,3.7629738e-10,0.00025081635
4.4,3.2,1.25,4.6,1.9554143e-09,0.0013027787
4.5,3.2,1.25,1.2,3.139498e-10,0.00020927191
4.6,3.2,1.25,0.0,0.0,0.0
4.7,3.2,1.25,0.0,0.0,0.0
4.8,3.2,1.25,0.0,0.0,0.0
4.9,3.2,1.25,0.0,0.0,0.0
5.0,3.2,1.25,0.0,0.0,0.0
5.1,3.2,1.25,0.2,3.591888e-11,2.3961067e-05
5.2,3.2,1.25,0.6,1.07756616e-10,7.18236e-05
5.3,3.2,1.25,1.6,2.1841699e-10,0.00014561415
5.4,3.2,1.25,1.0,1.5676548e-10,0.00010448694
5.5,3.2,1.25,0.0,0.0,0.0
5.6,3.2,1.25,0.0,0.0,0.0
5.7,3.2,1.25,0.0,0.0,0.0
5.8,3.2,1.25,0.0,0.0,0.0
5.9,3.2,1.25,6.8,1.9645515e-06,0.7300993
0.0,3.3,1.25,0.0,0.0,0.0
0.1,3.3,1.25,0.0,0.0,0.0
0.2,3.3,1.25,0.0,0.0,0.0
0.3,3.3,1.25,0.0,0.0,0.0
0.4,3.3,1.25,0.0,0.0,0.0
0.5,3.3,1.25,0.0,0.0,0.0
0.6,3.3,1.25,0.0,0.0,0.0
0.7,3.3,1.25,0.0,0.0,0.0
0.8,3.3,1.25,0.0,0.0,0.0
0.9,3.3,1.25,0.0,0.0,0.0
1.0,3.3,1.25,0.0,0.0,0.0
1.1,3.3,1.25,0.0,0.0,0.0
1.2,3.3,1.25,0.0,0.0,0.0
1.3,3.3,1.25,0.0,0.0,0.0
1.4,3.3,1.25,0.0,0.0,0.0
1.5,3.3,1.25,0.0,0.0,0.0
1.6,3.3,1.25,0.0,0.0,0.0
1.7,3.3,1.25,0.0,0.0,0.0
1.8,3.3,1.25,0.0,0.0,0.0
1.9,3.3,1.25,0.0,0.0,0.0
2.0,3.3,1.25,0.0,0.0,0.0
2.1,3.3,1.25,0.0,0.0,0.0
2.2,3.3,1.25,0.0,0.0,0.0
2.3,3.3,1.25,0.0,0.0,0.0
2.4,3.3,1.25,0.0,0.0,0.0
2.5,3.3,1.25,0.0,0.0,0.0
2.6,3.3,1.25,0.0,0.0,0.0
2.7,3.3,1.25,0.0,0.0,0.0
2.8,3.3,1.25,0.0,0.0,0.0
2.9,3.3,1.25,0.0,0.0,0.0
3.0,3.3,1.25,0.0,0.0,0.0
3.1,3.3,1.25,0.0,0.0,0.0
3.2,3.3,1.25,0.0,0.0,0.0
3.3,3.3,1.25,0.0,0.0,0.0
3.4,3.3,1.25,0.2,2.827434e-12,1.9073486e-06
3.5,3.3,1.25,0.2,2.827434e-12,1.9073486e-06
3.6,3.3,1.25,0.0,0.0,0.0
3.7,3.3,1.25,0.0,0.0,0.0
3.8,3.3,1.25,0.2,3.591888e-11,2.3961067e-05
3.9,3.3,1.25,0.2,2.1778441e-09,0.0014508367
4.0,3.3,1.25,0.0,0.0,0.0
4.1,3.3,1.25,0.0,0.0,0.0
4.2,3.3,1.25,0.0,0.0,0.0
4.3,3.3,1.25,1.8,7.013214e-10,0.00046741962
4.4,3.3,1.25,4.2,7.23378e-08,0.047080815
4.5,3.3,1.25,3.6,1.8754631e-09,0.0012495518
4.6,3.3,1.25,2.8,6.20541e-10,0.00041359663
4.7,3.3,1.25,2.8,2.8359142e-09,0.0018888116
4.8,3.3,1.25,3.6,1.7416314e-09,0.0011604428
4.9,3.3,1.25,1.6,2.9970798e-10,0.00019979477
5.0,3.3,1.25,2.2,4.250576e-10,0.00028336048
5.1,3.3,1.25,2.4,4.6097642e-10,0.00030726194
5.2,3.3,1.25,2.4,5.013982e-10,0.00033420324
5.3,3.3,1.25,7.6,4.05824e-09,0.002701819
5.4,3.3,1.25,11.0,4.6139297e-09,0.0030712485
5.5,3.3,1.25,5.2,9.61899e-10,0.00064104795
5.6,3.3,1.25,0.0,0.0,0.0
5.7,3.3,1.25,0.0,0.0,0.0
5.8,3.3,1.25,0.0,0.0,0.0
5.9,3.3,1.25,17.6,2.2516601e-06,0.77711666
0.0,3.4,1.25,0.0,0.0,0.0
0.1,3.4,1.25,0.0,0.0,0.0
0.2,3.4,1.25,0.0,0.0,0.0
0.3,3.4,1.25,0.0,0.0,0.0
0.4,3.4,1.25,0.0,0.0,0.0
0.5,3.4,1.25,0.0,0.0,0.0
0.6,3.4,1.25,0.0,0.0,0.0
0.7,3.4,1.25,0.0,0.0,0.0
0.8,3.4,1.25,0.0,0.0,0.0
0.9,3.4,1.25,0.0,0.0,0.0
1.0,3.4,1.25,0.0,0.0,0.0
1.1,3.4,1.25,0.0,0.0,0.0
1.2,3.4,1.25,0.0,0.0,0.0
1.3,3.4,1.25,0.0,0.0,0.0
1.4,3.4,1.25,0.0,0.0,0.0
1.5,3.4,1.25,0.0,0.0,0.0
1.6,3.4,1.25,0.0,0.0,0.0
1.7,3.4,1.25,0.0,0.0,0.0
1.8,3.4,1.25,0.0,0.0,0.0
1.9,3.4,1.25,0.0,0.0,0.0
2.0,3.4,1.25,0.0,0.0,0.0
2.1,3.4,1.25,0.0,0.0,0.0
2.2,3.4,1.25,0.0,0.0,0.0
2.3,3.4,1.25,0.0,0.0,0.0
2.4,3.4,1.25,0.0,0.0,0.0
2.5,3.4,1.25,0.0,0.0,0.0
2.6,3.4,1.25,0.0,0.0,0.0
2.7,3.4,1.25,0.0,0.0,0.0
2.8,3.4,1.25,0.0,0.0,0.0
2.9,3.4,1.25,0.0,0.0,0.0
3.0,3.4,1.25,0.0,0.0,0.0
3.1,3.4,1.25,0.0,0.0,0.0
3.2,3.4,1.25,0.0,0.0,0.0
3.3,3.4,1.25,0.0,0.0,0.0
3.4,3.4,1.25,0.2,2.827434e-12,1.9073486e-06
3.5,3.4,1.25,0.0,0.0,0.0
3.6,3.4,1.25,0.0,0.0,0.0
3.7,3.4,1.25,0.0,0.0,0.0
3.8,3.4,1.25,0.0,0.0,0.0
3.9,3.4,1.25,0.0,0.0,0.0
4.0,3.4,1.25,0.0,0.0,0.0
4.1,3.4,1.25,0.0,0.0,0.0
4.2,3.4,1.25,0.0,0.0,0.0
4.3,3.4,1.25,0.6,2.290222e-10,0.0001526475
4.4,3.4,1.25,3.6,7.4456224e-08,0.048425674
4.5,3.4,1.25,6.0,1.0222506e-07,0.0658797
4.6,3.4,1.25,4.0,1.6864834e-07,0.10634208
4.7,3.4,1.25,1.0,2.437484e-09,0.0016236901
4.8,3.4,1.25,3.2,7.2871316e-08,0.047419727
4.9,3.4,1.25,7.2,1.8942212e-09,0.0012620091
5.0,3.4,1.25,5.8,1.792776e-09,0.0011944771
5.1,3.4,1.25,5.0,1.6748617e-09,0.0011159778
5.2,3.4,1.25,6.2,1.8086934e-09,0.0012050867
5.3,3.4,1.25,4.4,7.935662e-10,0.0005289316
5.4,3.4,1.25,13.8,8.480128e-08,0.054965794
5.5,3.4,1.25,13.2,3.018112e-08,0.019919693
5.6,3.4,1.25,4.2,6.058886e-09,0.0040311217
5.7,3.4,1.25,0.0,0.0,0.0
5.8,3.4,1.25,0.0,0.0,0.0
5.9,3.4,1.25,29.4,1.3651304e-06,0.59751076
0.0,3.5,1.25,0.0,0.0,0.0
0.1,3.5,1.25,0.0,0.0,0.0
0.2,3.5,1.25,0.0,0.0,0.0
0.3,3.5,1.25,0.0,0.0,0.0
0.4,3.5,1.25,0.0,0.0,0.0
0.5,3.5,1.25,0.0,0.0,0.0
0.6,3.5,1.25,0.0,0.0,0.0
0.7,3.5,1.25,0.0,0.0,0.0
0.8,3.5,1.25,0.0,0.0,0.0
0.9,3.5,1.25,0.0,0.0,0.0
1.0,3.5,1.25,0.0,0.0,0.0
1.1,3.5,1.25,0.0,0.0,0.0
1.2,3.5,1.25,0.0,0.0,0.0
1.3,3.5,1.25,0.0,0.0,0.0
1.4,3.5,1.25,0.0,0.0,0.0
1.5,3.5,1.25,0.0,0.0,0.0
1.6,3.5,1.25,0.0,0.0,0.0
1.7,3.5,1.25,0.0,0.0,0.0
1.8,3.5,1.25,0.0,0.0,0.0
1.9,3.5,1.25,0.0,0.0,0.0
2.0,3.5,1.25,0.0,0.0,0.0
2.1,3.5,1.25,0.0,0.0,0.0
2.2,3.5,1.25,0.0,0.0,0.0
2.3,3.5,1.25,0.0,0.0,0.0
2.4,3.5,1.25,0.0,0.0,0.0
2.5,3.5,1.25,0.0,0.0,0.0
2.6,3.5,1.25,0.0,0.0,0.0
2.7,3.5,1.25,0.0,0.0,0.0
2.8,3.5,1.25,0.0,0.0,0.0
2.9,3.5,1.25,0.0,0.0,0.0
3.0,3.5,1.25,0.0,0.0,0.0
3.1,3.5,1.25,0.0,0.0,0.0
3.2,3.5,1.25,0.0,0.0,0.0
3.3,3.5,1.25,0.0,0.0,0.0
3.4,3.5,1.25,0.2,2.827434e-12,1.9073486e-06
3.5,3.5,1.25,0.0,0.0,0.0
3.6,3.5,1.25,0.0,0.0,0.0
3.7,3.5,1.25,0.0,0.0,0.0
3.8,3.5,1.25,0.0,0.0,0.0
3.9,3.5,1.25,0.0,0.0,0.0
4.0,3.5,1.25,0.0,0.0,0.0
4.1,3.5,1.25,0.0,0.0,0.0
4.2,3.5,1.25,0.0,0.0,0.0
4.3,3.5,1.25,0.0,0.0,0.0
4.4,3.5,1.25,1.4,7.0740285e-08,0.04606545
4.5,3.5,1.25,3.8,1.4109193e-07,0.089773
4.6,3.5,1.25,2.4,3.532162e-07,0.2098065
4.7,3.5,1.25,1.6,5.612324e-07,0.31212968
4.8,3.5,1.25,0.6,1.2128673e-07,0.077675164
4.9,3.5,1.25,2.6,7.709782e-08,0.05009997
5.0,3.5,1.25,3.4,5.1883017e-08,0.033997357
5.1,3.5,1.25,6.0,2.3098421e-07,0.14271897
5.2,3.5,1.25,6.0,1.7971061e-07,0.11290842
5.3,3.5,1.25,5.0,5.1888662e-08,0.034000993
5.4,3.5,1.25,6.0,8.4277175e-08,0.054635584
5.5,3.5,1.25,14.0,1.0715166e-07,0.068942666
5.6,3.5,1.25,10.8,1.5420188e-08,0.010227442
5.7,3.5,1.25,0.4,4.9008842e-11,3.2663345e-05
5.8,3.5,1.25,3.8,7.025894e-09,0.004673004
5.9,3.5,1.25,31.0,2.435882e-07,0.14989221
0.0,3.6,1.25,0.0,0.0,0.0
0.1,3.6,1.25,0.0,0.0,0.0
0.2,3.6,1.25,0.0,0.0,0.0
0.3,3.6,1.25,0.0,0.0,0.0
0.4,3.6,1.25,0.0,0.0,0.0
0.5,3.6,1.25,0.0,0.0,0.0
0.6,3.6,1.25,0.0,0.0,0.0
0.7,3.6,1.25,0.0,0.0,0.0
0.8,3.6,1.25,0.0,0.0,0.0
0.9,3.6,1.25,0.0,0.0,0.0
1.0,3.6,1.25,0.0,0.0,0.0
1.1,3.6,1.25,0.0,0.0,0.0
1.2,3.6,1.25,0.0,0.0,0.0
1.3,3.6,1.25,0.0,0.0,0.0
1.4,3.6,1.25,0.0,0.0,0.0
1.5,3.6,1.25,0.0,0.0,0.0
1.6,3.6,1.25,0.0,0.0,0.0
1.7,3.6,1.25,0.0,0.0,0.0
1.8,3.6,1.25,0.0,0.0,0.0
1.9,3.6,1.25,0.0,0.0,0.0
2.0,3.6,1.25,0.0,0.0,0.0
2.1,3.6,1.25,0.0,0.0,0.0
2.2,3.6,1.25,0.0,0.0,0.0
2.3,3.6,1.25,0.0,0.0,0.0
2.4,3.6,1.25,0.0,0.0,0.0
2.5,3.6,1.25,0.0,0.0,0.0
2.6,3.6,1.25,0.0,0.0,0.0
2.7,3.6,1.25,0.0,0.0,0.0
2.8,3.6,1.25,0.0,0.0,0.0
2.9,3.6,1.25,0.0,0.0,0.0
3.0,3.6,1.25,0.0,0.0,0.0
3.1,3.6,1.25,0.0,0.0,0.0
3.2,3.6,1.25,0.0,0.0,0.0
3.3,3.6,1.25,0.0,0.0,0.0
3.4,3.6,1.25,0.0,0.0,0.0
3.5,3.6,1.25,0.0,0.0,0.0
3.6,3.6,1.25,0.0,0.0,0.0
3.7,3.6,1.25,0.0,0.0,0.0
3.8,3.6,1.25,0.0,0.0,0.0
3.9,3.6,1.25,0.0,0.0,0.0
4.0,3.6,1.25,0.0,0.0,0.0
4.1,3.6,1.25,0.0,0.0,0.0
4.2,3.6,1.25,0.0,0.0,0.0
4.3,3.6,1.25,0.0,0.0,0.0
4.4,3.6,1.25,0.0,0.0,0.0
4.5,3.6,1.25,0.0,0.0,0.0
4.6,3.6,1.25,0.6,2.2901039e-09,0.0015255809
4.7,3.6,1.25,0.8,2.105384e-07,0.13095373
4.8,3.6,1.25,0.0,0.0,0.0
4.9,3.6,1.25,5.6,5.883444e-07,0.32445103
5.0,3.6,1.25,9.8,9.2322443e-07,0.45962018
5.1,3.6,1.25,9.0,5.91119e-07,0.3256994
5.2,3.6,1.25,3.4,1.7923946e-07,0.11262977
5.3,3.6,1.25,9.2,5.600694e-08,0.036649466
5.4,3.6,1.25,4.0,5.195266e-09,0.0034575462
5.5,3.6,1.25,19.0,1.104557e-07,0.07099128
5.6,3.6,1.25,15.6,1.5928789e-08,0.010563016
5.7,3.6,1.25,13.0,3.94387e-08,0.025949836
5.8,3.6,1.25,27.4,3.2550762e-08,0.021466732
5.9,3.6,1.25,34.4,6.397838e-07,0.34722483
0.0,3.7,1.25,0.0,0.0,0.0
0.1,3.7,1.25,0.0,0.0,0.0
0.2,3.7,1.25,0.0,0.0,0.0
0.3,3.7,1.25,0.0,0.0,0.0
0.4,3.7,1.25,0.0,0.0,0.0
0.5,3.7,1.25,0.0,0.0,0.0
0.6,3.7,1.25,0.0,0.0,0.0
0.7,3.7,1.25,0.0,0.0,0.0
0.8,3.7,1.25,0.0,0.0,0.0
0.9,3.7,1.25,0.0,0.0,0.0
1.0,3.7,1.25,0.0,0.0,0.0
1.1,3.7,1.25,0.0,0.0,0.0
1.2,3.7,1.25,0.0,0.0,0.0
1.3,3.7,1.25,0.0,0.0,0.0
1.4,3.7,1.25,0.0,0.0,0.0
1.5,3.7,1.25,0.0,0.0,0.0
1.6,3.7,1.25,0.0,0.0,0.0
1.7,3.7,1.25,0.0,0.0,0.0
1.8,3.7,1.25,0.0,0.0,0.0
1.9,3.7,1.25,0.0,0.0,0.0
2.0,3.7,1.25,0.0,0.0,0.0
2.1,3.7,1.25,0.0,0.0,0.0
2.2,3.7,1.25,0.0,0.0,0.0
2.3,3.7,1.25,0.0,0.0,0.0
2.4,3.7,1.25,0.0,0.0,0.0
2.5,3.7,1.25,0.0,0.0,0.0
2.6,3.7,1.25,0.0,0.0,0.0
2.7,3.7,1.25,0.0,0.0,0.0
2.8,3.7,1.25,0.0,0.0,0.0
2.9,3.7,1.25,0.2,7.63407e-11,5.0902367e-05
3.0,3.7,1.25,0.0,0.0,0.0
3.1,3.7,1.25,0.8,1.0226538e-07,0.065904796
3.2,3.7,1.25,0.0,0.0,0.0
3.3,3.7,1.25,0.0,0.0,0.0
3.4,3.7,1.25,0.4,5.11327e-08,0.033514023
3.5,3.7,1.25,0.0,0.0,0.0
3.6,3.7,1.25,0.0,0.0,0.0
3.7,3.7,1.25,0.0,0.0,0.0
3.8,3.7,1.25,0.0,0.0,0.0
3.9,3.7,1.25,0.0,0.0,0.0
4.0,3.7,1.25,0.0,0.0,0.0
4.1,3.7,1.25,0.0,0.0,0.0
4.2,3.7,1.25,0.0,0.0,0.0
4.3,3.7,1.25,0.0,0.0,0.0
4.4,3.7,1.25,0.0,0.0,0.0
4.5,3.7,1.25,0.0,0.0,0.0
4.6,3.7,1.25,0.2,1.3089969e-11,8.702278e-06
4.7,3.7,1.25,1.2,1.4265171e-07,0.090719044
4.8,3.7,1.25,0.8,1.4039753e-07,0.089351535
4.9,3.7,1.25,0.8,1.0226538e-07,0.065904796
5.0,3.7,1.25,0.2,2.556634e-08,0.016899824
5.1,3.7,1.25,0.2,3.591888e-11,2.3961067e-05
5.2,3.7,1.25,1.2,1.0237763e-07,0.06597471
5.3,3.7,1.25,5.4,8.302362e-08,0.053845167
5.4,3.7,1.25,13.8,5.827034e-08,0.03810203
5.5,3.7,1.25,20.0,3.7754482e-08,0.024855554
5.6,3.7,1.25,32.0,3.740866e-08,0.024630725
5.7,3.7,1.25,42.2,7.5340395e-08,0.048986435
5.8,3.7,1.25,43.6,8.288052e-08,0.053754926
5.9,3.7,1.25,24.6,4.379368e-07,0.2532
0.0,3.8,1.25,0.0,0.0,0.0
0.1,3.8,1.25,0.0,0.0,0.0
0.2,3.8,1.25,0.0,0.0,0.0
0.3,3.8,1.25,0.0,0.0,0.0
0.4,3.8,1.25,0.0,0.0,0.0
0.5,3.8,1.25,0.0,0.0,0.0
0.6,3.8,1.25,0.0,0.0,0.0
0.7,3.8,1.25,0.0,0.0,0.0
0.8,3.8,1.25,0.0,0.0,0.0
0.9,3.8,1.25,0.0,0.0,0.0
1.0,3.8,1.25,0.0,0.0,0.0
1.1,3.8,1.25,0.0,0.0,0.0
1.2,3.8,1.25,0.0,0.0,0.0
1.3,3.8,1.25,0.0,0.0,0.0
1.4,3.8,1.25,0.0,0.0,0.0
1.5,3.8,1.25,0.0,0.0,0.0
1.6,3.8,1.25,0.0,0.0,0.0
1.7,3.8,1.25,0.0,0.0,0.0
1.8,3.8,1.25,0.0,0.0,0.0
1.9,3.8,1.25,0.0,0.0,0.0
2.0,3.8,1.25,0.0,0.0,0.0
2.1,3.8,1.25,0.0,0.0,0.0
2.2,3.8,1.25,0.0,0.0,0.0
2.3,3.8,1.25,0.0,0.0,0.0
2.4,3.8,1.25,0.0,0.0,0.0
2.5,3.8,1.25,0.0,0.0,0.0
2.6,3.8,1.25,0.0,0.0,0.0
2.7,3.8,1.25,0.0,0.0,0.0
2.8,3.8,1.25,0.0,0.0,0.0
2.9,3.8,1.25,0.4,1.526814e-10,0.00010180473
3.0,3.8,1.25,0.4,2.564268e-08,0.016949832
3.1,3.8,1.25,1.0,1.4692944e-07,0.09330845
3.2,3.8,1.25,0.4,5.11327e-08,0.033514023
3.3,3.8,1.25,0.4,5.11327e-08,0.033514023
3.4,3.8,1.25,0.8,1.0226538e-07,0.065904796
3.5,3.8,1.25,0.0,0.0,0.0
3.6,3.8,1.25,0.0,0.0,0.0
3.7,3.8,1.25,0.0,0.0,0.0
3.8,3.8,1.25,0.0,0.0,0.0
3.9,3.8,1.25,0.0,0.0,0.0
4.0,3.8,1.25,0.0,0.0,0.0
4.1,3.8,1.25,0.0,0.0,0.0
4.2,3.8,1.25,0.0,0.0,0.0
4.3,3.8,1.25,0.0,0.0,0.0
4.4,3.8,1.25,0.0,0.0,0.0
4.5,3.8,1.25,0.0,0.0,0.0
4.6,3.8,1.25,0.0,0.0,0.0
4.7,3.8,1.25,0.4,7.02304e-08,0.04574108
4.8,3.8,1.25,0.6,7.024348e-08,0.045749426
4.9,3.8,1.25,0.0,0.0,0.0
5.0,3.8,1.25,885.8,0.0033077162,1.0
5.1,3.8,1.25,659.8,0.0036833598,1.0
5.2,3.8,1.25,239.2,0.002216812,1.0
5.3,3.8,1.25,538.2,0.00078077835,1.0
5.4,3.8,1.25,1696.4,0.00014154958,1.0
5.5,3.8,1.25,1492.6,8.031346e-05,1.0
5.6,3.8,1.25,1091.2,8.29931e-05,1.0
5.7,3.8,1.25,420.0,6.6554196e-05,1.0
5.8,3.8,1.25,320.4,3.749406e-05,1.0
5.9,3.8,1.25,448.2,1.710595e-05,0.99998885
0.0,3.9,1.25,0.0,0.0,0.0
0.1,3.9,1.25,0.0,0.0,0.0
0.2,3.9,1.25,0.0,0.0,0.0
0.3,3.9,1.25,0.0,0.0,0.0
0.4,3.9,1.25,0.0,0.0,0.0
0.5,3.9,1.25,0.0,0.0,0.0
0.6,3.9,1.25,0.0,0.0,0.0
0.7,3.9,1.25,0.0,0.0,0.0
0.8,3.9,1.25,0.0,0.0,0.0
0.9,3.9,1.25,0.0,0.0,0.0
1.0,3.9,1.25,0.0,0.0,0.0
1.1,3.9,1.25,0.0,0.0,0.0
1.2,3.9,1.25,0.0,0.0,0.0
1.3,3.9,1.25,0.0,0.0,0.0
1.4,3.9,1.25,0.0,0.0,0.0
1.5,3.9,1.25,0.0,0.0,0.0
1.6,3.9,1.25,0.0,0.0,0.0
1.7,3.9,1.25,0.0,0.0,0.0
1.8,3.9,1.25,0.0,0.0,0.0
1.9,3.9,1.25,0.0,0.0,0.0
2.0,3.9,1.25,0.0,0.0,0.0
2.1,3.9,1.25,0.0,0.0,0.0
2.2,3.9,1.25,0.0,0.0,0.0
2.3,3.9,1.25,0.0,0.0,0.0
2.4,3.9,1.25,0.0,0.0,0.0
2.5,3.9,1.25,0.0,0.0,0.0
2.6,3.9,1.25,0.0,0.0,0.0
2.7,3.9,1.25,0.0,0.0,0.0
2.8,3.9,1.25,0.0,0.0,0.0
2.9,3.9,1.25,0.0,0.0,0.0
3.0,3.9,1.25,0.4,2.5579439e-08,0.016908407
3.1,3.9,1.25,0.6,9.5733505e-08,0.061828315
3.2,3.9,1.25,0.0,0.0,0.0
3.3,3.9,1.25,0.0,0.0,0.0
3.4,3.9,1.25,0.0,0.0,0.0
3.5,3.9,1.25,0.0,0.0,0.0
3.6,3.9,1.25,0.0,0.0,0.0
3.7,3.9,1.25,0.0,0.0,0.0
3.8,3.9,1.25,0.0,0.0,0.0
3.9,3.9,1.25,0.0,0.0,0.0
4.0,3.9,1.25,0.0,0.0,0.0
4.1,3.9,1.25,0.0,0.0,0.0
4.2,3.9,1.25,0.0,0.0,0.0
4.3,3.9,1.25,0.0,0.0,0.0
4.4,3.9,1.25,0.0,0.0,0.0
4.5,3.9,1.25,0.0,0.0,0.0
4.6,3.9,1.25,0.0,0.0,0.0
4.7,3.9,1.25,0.4,7.016714e-08,0.045700848
4.8,3.9,1.25,0.2,7.015406e-08,0.045692563
4.9,3.9,1.25,0.0,0.0,0.0
5.0,3.9,1.25,295.4,0.0013645429,1.0
5.1,3.9,1.25,354.8,0.000445408,1.0
5.2,3.9,1.25,42.6,0.0003440568,1.0
5.3,3.9,1.25,13.8,3.17527e-05,1.0
5.4,3.9,1.25,4.4,1.5284863e-07,0.0968793
5.5,3.9,1.25,47.6,5.2727876e-07,0.29638165
5.6,3.9,1.25,41.8,4.156644e-07,0.2420286
5.7,3.9,1.25,50.8,1.1806586e-07,0.075692594
5.8,3.9,1.25,18.0,6.799516e-08,0.04431802
5.9,3.9,1.25,6.0,1.8180934e-07,0.114148736
0.0,4.0,1.25,0.0,0.0,0.0
0.1,4.0,1.25,0.0,0.0,0.0
0.2,4.0,1.25,0.0,0.0,0.0
0.3,4.0,1.25,0.0,0.0,0.0
0.4,4.0,1.25,0.0,0.0,0.0
0.5,4.0,1.25,0.0,0.0,0.0
0.6,4.0,1.25,0.0,0.0,0.0
0.7,4.0,1.25,0.0,0.0,0.0
0.8,4.0,1.25,0.0,0.0,0.0
0.9,4.0,1.25,0.0,0.0,0.0
1.0,4.0,1.25,0.0,0.0,0.0
1.1,4.0,1.25,0.0,0.0,0.0
1.2,4.0,1.25,0.0,0.0,0.0
1.3,4.0,1.25,0.0,0.0,0.0
1.4,4.0,1.25,0.0,0.0,0.0
1.5,4.0,1.25,0.0,0.0,0.0
1.6,4.0,1.25,0.0,0.0,0.0
1.7,4.0,1.25,0.0,0.0,0.0
1.8,4.0,1.25,0.0,0.0,0.0
1.9,4.0,1.25,0.0,0.0,0.0
2.0,4.0,1.25,0.0,0.0,0.0
2.1,4.0,1.25,0.0,0.0,0.0
2.2,4.0,1.25,0.0,0.0,0.0
2.3,4.0,1.25,0.0,0.0,0.0
2.4,4.0,1.25,0.0,0.0,0.0
2.5,4.0,1.25,0.0,0.0,0.0
2.6,4.0,1.25,0.0,0.0,0.0
2.7,4.0,1.25,0.0,0.0,0.0
2.8,4.0,1.25,0.0,0.0,0.0
2.9,4.0,1.25,0.0,0.0,0.0
3.0,4.0,1.25,0.4,5.11327e-08,0.033514023
3.1,4.0,1.25,0.6,7.669904e-08,0.049847424
3.2,4.0,1.25,0.2,2.556634e-08,0.016899824
3.3,4.0,1.25,0.0,0.0,0.0
3.4,4.0,1.25,0.0,0.0,0.0
3.5,4.0,1.25,0.0,0.0,0.0
3.6,4.0,1.25,0.0,0.0,0.0
3.7,4.0,1.25,0.0,0.0,0.0
3.8,4.0,1.25,0.0,0.0,0.0
3.9,4.0,1.25,0.0,0.0,0.0
4.0,4.0,1.25,0.0,0.0,0.0
4.1,4.0,1.25,0.0,0.0,0.0
4.2,4.0,1.25,0.0,0.0,0.0
4.3,4.0,1.25,0.0,0.0,0.0
4.4,4.0,1.25,0.0,0.0,0.0
4.5,4.0,1.25,0.0,0.0,0.0
4.6,4.0,1.25,0.0,0.0,0.0
4.7,4.0,1.25,0.4,8.943066e-11,5.9604645e-05
4.8,4.0,1.25,0.2,7.015406e-08,0.045692563
4.9,4.0,1.25,0.0,0.0,0.0
5.0,4.0,1.25,0.0,0.0,0.0
5.1,4.0,1.25,0.0,0.0,0.0
5.2,4.0,1.25,0.0,0.0,0.0
5.3,4.0,1.25,0.0,0.0,0.0
5.4,4.0,1.25,0.0,0.0,0.0
5.5,4.0,1.25,0.0,0.0,0.0
5.6,4.0,1.25,0.0,0.0,0.0
5.7,4.0,1.25,0.0,0.0,0.0
5.8,4.0,1.25,0.2,7.63407e-11,5.0902367e-05
5.9,4.0,1.25,8.2,7.761692e-09,0.0051611066
0.0,4.1,1.25,0.0,0.0,0.0
0.1,4.1,1.25,0.0,0.0,0.0
0.2,4.1,1.25,0.0,0.0,0.0
0.3,4.1,1.25,0.0,0.0,0.0
0.4,4.1,1.25,0.0,0.0,0.0
0.5,4.1,1.25,0.0,0.0,0.0
0.6,4.1,1.25,0.0,0.0,0.0
0.7,4.1,1.25,0.0,0.0,0.0
0.8,4.1,1.25,0.0,0.0,0.0
0.9,4.1,1.25,0.0,0.0,0.0
1.0,4.1,1.25,0.0,0.0,0.0
1.1,4.1,1.25,0.0,0.0,0.0
1.2,4.1,1.25,0.0,0.0,0.0
1.3,4.1,1.25,0.0,0.0,0.0
1.4,4.1,1.25,0.0,0.0,0.0
1.5,4.1,1.25,0.0,0.0,0.0
1.6,4.1,1.25,0.0,0.0,0.0
1.7,4.1,1.25,0.0,0.0,0.0
1.8,4.1,1.25,0.0,0.0,0.0
1.9,4.1,1.25,0.0,0.0,0.0
2.0,4.1,1.25,0.0,0.0,0.0
2.1,4.1,1.25,0.0,0.0,0.0
2.2,4.1,1.25,0.0,0.0,0.0
2.3,4.1,1.25,0.0,0.0,0.0
2.4,4.1,1.25,0.0,0.0,0.0
2.5,4.1,1.25,0.0,0.0,0.0
2.6,4.1,1.25,0.0,0.0,0.0
2.7,4.1,1.25,0.0,0.0,0.0
2.8,4.1,1.25,0.0,0.0,0.0
2.9,4.1,1.25,0.0,0.0,0.0
3.0,4.1,1.25,0.0,0.0,0.0
3.1,4.1,1.25,0.0,0.0,0.0
3.2,4.1,1.25,0.0,0.0,0.0
3.3,4.1,1.25,0.0,0.0,0.0
3.4,4.1,1.25,0.0,0.0,0.0
3.5,4.1,1.25,0.0,0.0,0.0
3.6,4.1,1.25,0.0,0.0,0.0
3.7,4.1,1.25,0.0,0.0,0.0
3.8,4.1,1.25,0.0,0.0,0.0
3.9,4.1,1.25,0.0,0.0,0.0
4.0,4.1,1.25,0.0,0.0,0.0
4.1,4.1,1.25,0.0,0.0,0.0
4.2,4.1,1.25,0.0,0.0,0.0
4.3,4.1,1.25,0.0,0.0,0.0
4.4,4.1,1.25,0.0,0.0,0.0
4.5,4.1,1.25,0.0,0.0,0.0
4.6,4.1,1.25,0.0,0.0,0.0
4.7,4.1,1.25,0.0,0.0,0.0
4.8,4.1,1.25,0.0,0.0,0.0
4.9,4.1,1.25,0.0,0.0,0.0
5.0,4.1,1.25,0.0,0.0,0.0
5.1,4.1,1.25,0.0,0.0,0.0
5.2,4.1,1.25,0.0,0.0,0.0
5.3,4.1,1.25,0.0,0.0,0.0
5.4,4.1,1.25,0.0,0.0,0.0
5.5,4.1,1.25,0.0,0.0,0.0
5.6,4.1,1.25,0.0,0.0,0.0
5.7,4.1,1.25,0.0,0.0,0.0
5.8,4.1,1.25,0.0,0.0,0.0
5.9,4.1,1.25,0.0,0.0,0.0
0.0,4.2,1.25,0.0,0.0,0.0
0.1,4.2,1.25,0.0,0.0,0.0
0.2,4.2,1.25,0.0,0.0,0.0
0.3,4.2,1.25,0.0,0.0,0.0
0.4,4.2,1.25,0.0,0.0,0.0
0.5,4.2,1.25,0.0,0.0,0.0
0.6,4.2,1.25,0.0,0.0,0.0
0.7,4.2,1.25,0.0,0.0,0.0
0.8,4.2,1.25,0.0,0.0,0.0
0.9,4.2,1.25,0.0,0.0,0.0
1.0,4.2,1.25,0.0,0.0,0.0
1.1,4.2,1.25,0.0,0.0,0.0
1.2,4.2,1.25,0.0,0.0,0.0
1.3,4.2,1.25,0.0,0.0,0.0
1.4,4.2,1.25,0.0,0.0,0.0
1.5,4.2,1.25,0.0,0.0,0.0
1.6,4.2,1.25,0.0,0.0,0.0
1.7,4.2,1.25,0.0,0.0,0.0
1.8,4.2,1.25,0.0,0.0,0.0
1.9,4.2,1.25,0.0,0.0,0.0
2.0,4.2,1.25,0.0,0.0,0.0
2.1,4.2,1.25,0.0,0.0,0.0
2.2,4.2,1.25,0.0,0.0,0.0
2.3,4.2,1.25,0.0,0.0,0.0
2.4,4.2,1.25,0.0,0.0,0.0
2.5,4.2,1.25,0.0,0.0,0.0
2.6,4.2,1.25,0.0,0.0,0.0
2.7,4.2,1.25,0.0,0.0,0.0
2.8,4.2,1.25,0.0,0.0,0.0
2.9,4.2,1.25,0.0,0.0,0.0
3.0,4.2,1.25,0.0,0.0,0.0
3.1,4.2,1.25,0.0,0.0,0.0
3.2,4.2,1.25,0.0,0.0,0.0
3.3,4.2,1.25,0.0,0.0,0.0
3.4,4.2,1.25,0.0,0.0,0.0
3.5,4.2,1.25,0.0,0.0,0.0
3.6,4.2,1.25,0.0,0.0,0.0
3.7,4.2,1.25,0.0,0.0,0.0
3.8,4.2,1.25,0.0,0.0,0.0
3.9,4.2,1.25,0.0,0.0,0.0
4.0,4.2,1.25,0.0,0.0,0.0
4.1,4.2,1.25,0.0,0.0,0.0
4.2,4.2,1.25,0.0,0.0,0.0
4.3,4.2,1.25,0.0,0.0,0.0
4.4,4.2,1.25,0.0,0.0,0.0
4.5,4.2,1.25,0.0,0.0,0.0
4.6,4.2,1.25,0.0,0.0,0.0
4.7,4.2,1.25,0.0,0.0,0.0
4.8,4.2,1.25,0.0,0.0,0.0
4.9,4.2,1.25,0.0,0.0,0.0
5.0,4.2,1.25,0.0,0.0,0.0
5.1,4.2,1.25,0.0,0.0,0.0
5.2,4.2,1.25,0.0,0.0,0.0
5.3,4.2,1.25,0.0,0.0,0.0
5.4,4.2,1.25,0.0,0.0,0.0
5.5,4.2,1.25,0.0,0.0,0.0
5.6,4.2,1.25,0.0,0.0,0.0
5.7,4.2,1.25,0.0,0.0,0.0
5.8,4.2,1.25,0.0,0.0,0.0
5.9,4.2,1.25,0.0,0.0,0.0
0.0,4.3,1.25,0.0,0.0,0.0
0.1,4.3,1.25,0.0,0.0,0.0
0.2,4.3,1.25,0.0,0.0,0.0
0.3,4.3,1.25,0.0,0.0,0.0
0.4,4.3,1.25,0.0,0.0,0.0
0.5,4.3,1.25,0.0,0.0,0.0
0.6,4.3,1.25,0.0,0.0,0.0
0.7,4.3,1.25,0.0,0.0,0.0
0.8,4.3,1.25,0.0,0.0,0.0
0.9,4.3,1.25,0.0,0.0,0.0
1.0,4.3,1.25,0.0,0.0,0.0
1.1,4.3,1.25,0.0,0.0,0.0
1.2,4.3,1.25,0.0,0.0,0.0
1.3,4.3,1.25,0.0,0.0,0.0
1.4,4.3,1.25,0.0,0.0,0.0
1.5,4.3,1.25,0.0,0.0,0.0
1.6,4.3,1.25,0.0,0.0,0.0
1.7,4.3,1.25,0.0,0.0,0.0
1.8,4.3,1.25,0.0,0.0,0.0
1.9,4.3,1.25,0.0,0.0,0.0
2.0,4.3,1.25,0.0,0.0,0.0
2.1,4.3,1.25,0.0,0.0,0.0
2.2,4.3,1.25,0.0,0.0,0.0
2.3,4.3,1.25,0.0,0.0,0.0
2.4,4.3,1.25,0.0,0.0,0.0
2.5,4.3,1.25,0.0,0.0,0.0
2.6,4.3,1.25,0.0,0.0,0.0
2.7,4.3,1.25,0.0,0.0,0.0
2.8,4.3,1.25,0.0,0.0,0.0
2.9,4.3,1.25,0.0,0.0,0.0
3.0,4.3,1.25,0.0,0.0,0.0
3.1,4.3,1.25,0.0,0.0,0.0
3.2,4.3,1.25,0.0,0.0,0.0
3.3,4.3,1.25,0.0,0.0,0.0
3.4,4.3,1.25,0.0,0.0,0.0
3.5,4.3,1.25,0.0,0.0,0.0
3.6,4.3,1.25,0.0,0.0,0.0
3.7,4.3,1.25,0.0,0.0,0.0
3.8,4.3,1.25,0.0,0.0,0.0
3.9,4.3,1.25,0.0,0.0,0.0
4.0,4.3,1.25,0.0,0.0,0.0
4.1,4.3,1.25,0.0,0.0,0.0
4.2,4.3,1.25,0.0,0.0,0.0
4.3,4.3,1.25,0.0,0.0,0.0
4.4,4.3,1.25,0.0,0.0,0.0
4.5,4.3,1.25,0.0,0.0,0.0
4.6,4.3,1.25,0.0,0.0,0.0
4.7,4.3,1.25,0.0,0.0,0.0
4.8,4.3,1.25,0.0,0.0,0.0
4.9,4.3,1.25,0.0,0.0,0.0
5.0,4.3,1.25,0.0,0.0,0.0
5.1,4.3,1.25,0.0,0.0,0.0
5.2,4.3,1.25,0.0,0.0,0.0
5.3,4.3,1.25,0.0,0.0,0.0
5.4,4.3,1.25,0.0,0.0,0.0
5.5,4.3,1.25,0.0,0.0,0.0
5.6,4.3,1.25,0.0,0.0,0.0
5.7,4.3,1.25,0.0,0.0,0.0
5.8,4.3,1.25,0.0,0.0,0.0
5.9,4.3,1.25,0.0,0.0,0.0
0.0,4.4,1.25,0.0,0.0,0.0
0.1,4.4,1.25,0.0,0.0,0.0
0.2,4.4,1.25,0.0,0.0,0.0
0.3,4.4,1.25,0.0,0.0,0.0
0.4,4.4,1.25,0.0,0.0,0.0
0.5,4.4,1.25,0.0,0.0,0.0
0.6,4.4,1.25,0.0,0.0,0.0
0.7,4.4,1.25,0.0,0.0,0.0
0.8,4.4,1.25,0.0,0.0,0.0
0.9,4.4,1.25,0.0,0.0,0.0
1.0,4.4,1.25,0.0,0.0,0.0
1.1,4.4,1.25,0.0,0.0,0.0
1.2,4.4,1.25,0.0,0.0,0.0
1.3,4.4,1.25,0.0,0.0,0.0
1.4,4.4,1.25,0.0,0.0,0.0
1.5,4.4,1.25,0.0,0.0,0.0
1.6,4.4,1.25,0.0,0.0,0.0
1.7,4.4,1.25,0.0,0.0,0.0
1.8,4.4,1.25,0.0,0.0,0.0
1.9,4.4,1.25,0.0,0.0,0.0
2.0,4.4,1.25,0.0,0.0,0.0
2.1,4.4,1.25,0.0,0.0,0.0
2.2,4.4,1.25,0.0,0.0,0.0
2.3,4.4,1.25,0.0,0.0,0.0
2.4,4.4,1.25,0.0,0.0,0.0
2.5,4.4,1.25,0.0,0.0,0.0
2.6,4.4,1.25,0.0,0.0,0.0
2.7,4.4,1.25,0.0,0.0,0.0
2.8,4.4,1.25,0.0,0.0,0.0
2.9,4.4,1.25,0.0,0.0,0.0
3.0,4.4,1.25,0.0,0.0,0.0
3.1,4.4,1.25,0.0,0.0,0.0
3.2,4.4,1.25,0.0,0.0,0.0
3.3,4.4,1.25,0.0,0.0,0.0
3.4,4.4,1.25,0.0,0.0,0.0
3.5,4.4,1.25,0.0,0.0,0.0
3.6,4.4,1.25,0.0,0.0,0.0
3.7,4.4,1.25,0.0,0.0,0.0
3.8,4.4,1.25,0.0,0.0,0.0
3.9,4.4,1.25,0.0,0.0,0.0
4.0,4.4,1.25,0.0,0.0,0.0
4.1,4.4,1.25,0.0,0.0,0.0
4.2,4.4,1.25,0.0,0.0,0.0
4.3,4.4,1.25,0.0,0.0,0.0
4.4,4.4,1.25,0.0,0.0,0.0
4.5,4.4,1.25,0.0,0.0,0.0
4.6,4.4,1.25,0.0,0.0,0.0
4.7,4.4,1.25,0.0,0.0,0.0
4.8,4.4,1.25,0.0,0.0,0.0
4.9,4.4,1.25,0.0,0.0,0.0
5.0,4.4,1.25,0.0,0.0,0.0
5.1,4.4,1.25,0.0,0.0,0.0
5.2,4.4,1.25,0.0,0.0,0.0
5.3,4.4,1.25,0.0,0.0,0.0
5.4,4.4,1.25,0.0,0.0,0.0
5.5,4.4,1.25,0.0,0.0,0.0
5.6,4.4,1.25,0.0,0.0,0.0
5.7,4.4,1.25,0.0,0.0,0.0
5.8,4.4,1.25,0.0,0.0,0.0
5.9,4.4,1.25,0.0,0.0,0.0
0.0,4.5,1.25,0.0,0.0,0.0
0.1,4.5,1.25,0.0,0.0,0.0
0.2,4.5,1.25,0.0,0.0,0.0
0.3,4.5,1.25,0.0,0.0,0.0
0.4,4.5,1.25,0.0,0.0,0.0
0.5,4.5,1.25,0.0,0.0,0.0
0.6,4.5,1.25,0.0,0.0,0.0
0.7,4.5,1.25,0.0,0.0,0.0
0.8,4.5,1.25,0.0,0.0,0.0
0.9,4.5,1.25,0.0,0.0,0.0
1.0,4.5,1.25,0.0,0.0,0.0
1.1,4.5,1.25,0.0,0.0,0.0
1.2,4.5,1.25,0.0,0.0,0.0
1.3,4.5,1.25,0.0,0.0,0.0
1.4,4.5,1.25,0.0,0.0,0.0
1.5,4.5,1.25,0.0,0.0,0.0
1.6,4.5,1.25,0.0,0.0,0.0
1.7,4.5,1.25,0.0,0.0,0.0
1.8,4.5,1.25,0.0,0.0,0.0
1.9,4.5,1.25,0.0,0.0,0.0
2.0,4.5,1.25,0.0,0.0,0.0
2.1,4.5,1.25,0.0,0.0,0.0
2.2,4.5,1.25,0.0,0.0,0.0
2.3,4.5,1.25,0.0,0.0,0.0
2.4,4.5,1.25,0.0,0.0,0.0
2.5,4.5,1.25,0.0,0.0,0.0
2.6,4.5,1.25,0.0,0.0,0.0
2.7,4.5,1.25,0.0,0.0,0.0
2.8,4.5,1.25,0.0,0.0,0.0
2.9,4.5,1.25,0.0,0.0,0.0
3.0,4.5,1.25,0.0,0.0,0.0
3.1,4.5,1.25,0.0,0.0,0.0
3.2,4.5,1.25,0.0,0.0,0.0
3.3,4.5,1.25,0.0,0.0,0.0
3.4,4.5,1.25,0.0,0.0,0.0
3.5,4.5,1.25,0.0,0.0,0.0
3.6,4.5,1.25,0.0,0.0,0.0
3.7,4.5,1.25,0.0,0.0,0.0
3.8,4.5,1.25,0.0,0.0,0.0
3.9,4.5,1.25,0.0,0.0,0.0
4.0,4.5,1.25,0.0,0.0,0.0
4.1,4.5,1.25,0.0,0.0,0.0
4.2,4.5,1.25,0.0,0.0,0.0
4.3,4.5,1.25,0.0,0.0,0.0
4.4,4.5,1.25,0.0,0.0,0.0
4.5,4.5,1.25,0.0,0.0,0.0
4.6,4.5,1.25,0.0,0.0,0.0
4.7,4.5,1.25,0.0,0.0,0.0
4.8,4.5,1.25,0.0,0.0,0.0
4.9,4.5,1.25,0.0,0.0,0.0
5.0,4.5,1.25,0.0,0.0,0.0
5.1,4.5,1.25,0.0,0.0,0.0
5.2,4.5,1.25,0.0,0.0,0.0
5.3,4.5,1.25,0.0,0.0,0.0
5.4,4.5,1.25,0.0,0.0,0.0
5.5,4.5,1.25,0.0,0.0,0.0
5.6,4.5,1.25,0.0,0.0,0.0
5.7,4.5,1.25,0.0,0.0,0.0
5.8,4.5,1.25,0.0,0.0,0.0
5.9,4.5,1.25,0.0,0.0,0.0
0.0,4.6,1.25,0.0,0.0,0.0
0.1,4.6,1.25,0.0,0.0,0.0
0.2,4.6,1.25,0.0,0.0,0.0
0.3,4.6,1.25,0.0,0.0,0.0
0.4,4.6,1.25,0.0,0.0,0.0
0.5,4.6,1.25,0.0,0.0,0.0
0.6,4.6,1.25,0.0,0.0,0.0
0.7,4.6,1.25,0.0,0.0,0.0
0.8,4.6,1.25,0.0,0.0,0.0
0.9,4.6,1.25,0.0,0.0,0.0
1.0,4.6,1.25,0.0,0.0,0.0
1.1,4.6,1.25,0.0,0.0,0.0
1.2,4.6,1.25,0.0,0.0,0.0
1.3,4.6,1.25,0.0,0.0,0.0
1.4,4.6,1.25,0.0,0.0,0.0
1.5,4.6,1.25,0.0,0.0,0.0
1.6,4.6,1.25,0.0,0.0,0.0
1.7,4.6,1.25,0.0,0.0,0.0
1.8,4.6,1.25,0.0,0.0,0.0
1.9,4.6,1.25,0.0,0.0,0.0
2.0,4.6,1.25,0.0,0.0,0.0
2.1,4.6,1.25,0.0,0.0,0.0
2.2,4.6,1.25,0.0,0.0,0.0
2.3,4.6,1.25,0.0,0.0,0.0
2.4,4.6,1.25,0.0,0.0,0.0
2.5,4.6,1.25,0.0,0.0,0.0
2.6,4.6,1.25,0.0,0.0,0.0
2.7,4.6,1.25,0.0,0.0,0.0
2.8,4.6,1.25,0.0,0.0,0.0
2.9,4.6,1.25,0.0,0.0,0.0
3.0,4.6,1.25,0.0,0.0,0.0
3.1,4.6,1.25,0.0,0.0,0.0
3.2,4.6,1.25,0.0,0.0,0.0
3.3,4.6,1.25,0.0,0.0,0.0
3.4,4.6,1.25,0.0,0.0,0.0
3.5,4.6,1.25,0.0,0.0,0.0
3.6,4.6,1.25,0.0,0.0,0.0
3.7,4.6,1.25,0.0,0.0,0.0
3.8,4.6,1.25,0.0,0.0,0.0
3.9,4.6,1.25,0.0,0.0,0.0
4.0,4.6,1.25,0.0,0.0,0.0
4.1,4.6,1.25,0.0,0.0,0.0
4.2,4.6,1.25,0.0,0.0,0.0
4.3,4.6,1.25,0.0,0.0,0.0
4.4,4.6,1.25,0.0,0.0,0.0
4.5,4.6,1.25,0.0,0.0,0.0
4.6,4.6,1.25,0.0,0.0,0.0
4.7,4.6,1.25,0.0,0.0,0.0
4.8,4.6,1.25,0.0,0.0,0.0
4.9,4.6,1.25,0.0,0.0,0.0
5.0,4.6,1.25,0.0,0.0,0.0
5.1,4.6,1.25,0.0,0.0,0.0
5.2,4.6,1.25,0.0,0.0,0.0
5.3,4.6,1.25,0.0,0.0,0.0
5.4,4.6,1.25,0.0,0.0,0.0
5.5,4.6,1.25,0.0,0.0,0.0
5.6,4.6,1.25,0.0,0.0,0.0
5.7,4.6,1.25,0.0,0.0,0.0
5.8,4.6,1.25,0.0,0.0,0.0
5.9,4.6,1.25,0.0,0.0,0.0
0.0,4.7,1.25,0.0,0.0,0.0
0.1,4.7,1.25,0.0,0.0,0.0
0.2,4.7,1.25,0.0,0.0,0.0
0.3,4.7,1.25,0.0,0.0,0.0
0.4,4.7,1.25,0.0,0.0,0.0
0.5,4.7,1.25,0.0,0.0,0.0
0.6,4.7,1.25,0.0,0.0,0.0
0.7,4.7,1.25,0.0,0.0,0.0
0.8,4.7,1.25,0.0,0.0,0.0
0.9,4.7,1.25,0.0,0.0,0.0
1.0,4.7,1.25,0.0,0.0,0.0
1.1,4.7,1.25,0.0,0.0,0.0
1.2,4.7,1.25,0.0,0.0,0.0
1.3,4.7,1.25,0.0,0.0,0.0
1.4,4.7,1.25,0.0,0.0,0.0
1.5,4.7,1.25,0.0,0.0,0.0
1.6,4.7,1.25,0.0,0.0,0.0
1.7,4.7,1.25,0.0,0.0,0.0
1.8,4.7,1.25,0.0,0.0,0.0
1.9,4.7,1.25,0.0,0.0,0.0
2.0,4.7,1.25,0.0,0.0,0.0
2.1,4.7,1.25,0.0,0.0,0.0
2.2,4.7,1.25,0.0,0.0,0.0
2.3,4.7,1.25,0.0,0.0,0.0
2.4,4.7,1.25,0.0,0.0,0.0
2.5,4.7,1.25,0.0,0.0,0.0
2.6,4.7,1.25,0.0,0.0,0.0
2.7,4.7,1.25,0.0,0.0,0.0
2.8,4.7,1.25,0.0,0.0,0.0
2.9,4.7,1.25,0.0,0.0,0.0
3.0,4.7,1.25,0.0,0.0,0.0
3.1,4.7,1.25,0.0,0.0,0.0
3.2,4.7,1.25,0.0,0.0,0.0
3.3,4.7,1.25,0.0,0.0,0.0
3.4,4.7,1.25,0.0,0.0,0.0
3.5,4.7,1.25,0.0,0.0,0.0
3.6,4.7,1.25,0.0,0.0,0.0
3.7,4.7,1.25,0.0,0.0,0.0
3.8,4.7,1.25,0.0,0.0,0.0
3.9,4.7,1.25,0.0,0.0,0.0
4.0,4.7,1.25,0.0,0.0,0.0
4.1,4.7,1.25,0.0,0.0,0.0
4.2,4.7,1.25,0.0,0.0,0.0
4.3,4.7,1.25,0.0,0.0,0.0
4.4,4.7,1.25,0.0,0.0,0.0
4.5,4.7,1.25,0.0,0.0,0.0
4.6,4.7,1.25,0.0,0.0,0.0
4.7,4.7,1.25,0.0,0.0,0.0
4.8,4.7,1.25,0.0,0.0,0.0
4.9,4.7,1.25,0.0,0.0,0.0
5.0,4.7,1.25,0.0,0.0,0.0
5.1,4.7,1.25,0.0,0.0,0.0
5.2,4.7,1.25,0.0,0.0,0.0
5.3,4.7,1.25,0.0,0.0,0.0
5.4,4.7,1.25,0.0,0.0,0.0
5.5,4.7,1.25,0.0,0.0,0.0
5.6,4.7,1.25,0.0,0.0,0.0
5.7,4.7,1.25,0.0,0.0,0.0
5.8,4.7,1.25,0.0,0.0,0.0
5.9,4.7,1.25,0.0,0.0,0.0
0.0,4.8,1.25,0.0,0.0,0.0
0.1,4.8,1.25,0.0,0.0,0.0
0.2,4.8,1.25,0.0,0.0,0.0
0.3,4.8,1.25,0.0,0.0,0.0
0.4,4.8,1.25,0.0,0.0,0.0
0.5,4.8,1.25,0.0,0.0,0.0
0.6,4.8,1.25,0.0,0.0,0.0
0.7,4.8,1.25,0.0,0.0,0.0
0.8,4.8,1.25,0.0,0.0,0.0
0.9,4.8,1.25,0.0,0.0,0.0
1.0,4.8,1.25,0.0,0.0,0.0
1.1,4.8,1.25,0.0,0.0,0.0
1.2,4.8,1.25,0.0,0.0,0.0
1.3,4.8,1.25,0.0,0.0,0.0
1.4,4.8,1.25,0.0,0.0,0.0
1.5,4.8,1.25,0.0,0.0,0.0
1.6,4.8,1.25,0.0,0.0,0.0
1.7,4.8,1.25,0.0,0.0,0.0
1.8,4.8,1.25,0.0,0.0,0.0
1.9,4.8,1.25,0.0,0.0,0.0
2.0,4.8,1.25,0.0,0.0,0.0
2.1,4.8,1.25,0.0,0.0,0.0
2.2,4.8,1.25,0.0,0.0,0.0
2.3,4.8,1.25,0.0,0.0,0.0
2.4,4.8,1.25,0.0,0.0,0.0
2.5,4.8,1.25,0.0,0.0,0.0
2.6,4.8,1.25,0.0,0.0,0.0
2.7,4.8,1.25,0.0,0.0,0.0
2.8,4.8,1.25,0.0,0.0,0.0
2.9,4.8,1.25,0.0,0.0,0.0
3.0,4.8,1.25,0.0,0.0,0.0
3.1,4.8,1.25,0.0,0.0,0.0
3.2,4.8,1.25,0.0,0.0,0.0
3.3,4.8,1.25,0.0,0.0,0.0
3.4,4.8,1.25,0.0,0.0,0.0
3.5,4.8,1.25,0.0,0.0,0.0
3.6,4.8,1.25,0.0,0.0,0.0
3.7,4.8,1.25,0.0,0.0,0.0
3.8,4.8,1.25,0.0,0.0,0.0
3.9,4.8,1.25,0.0,0.0,0.0
4.0,4.8,1.25,0.0,0.0,0.0
4.1,4.8,1.25,0.0,0.0,0.0
4.2,4.8,1.25,0.0,0.0,0.0
4.3,4.8,1.25,0.0,0.0,0.0
4.4,4.8,1.25,0.0,0.0,0.0
4.5,4.8,1.25,0.0,0.0,0.0
4.6,4.8,1.25,0.0,0.0,0.0
4.7,4.8,1.25,0.0,0.0,0.0
4.8,4.8,1.25,0.0,0.0,0.0
4.9,4.8,1.25,0.0,0.0,0.0
5.0,4.8,1.25,0.0,0.0,0.0
5.1,4.8,1.25,0.0,0.0,0.0
5.2,4.8,1.25,0.0,0.0,0.0
5.3,4.8,1.25,0.0,0.0,0.0
5.4,4.8,1.25,0.0,0.0,0.0
5.5,4.8,1.25,0.0,0.0,0.0
5.6,4.8,1.25,0.0,0.0,0.0
5.7,4.8,1.25,0.0,0.0,0.0
5.8,4.8,1.25,0.0,0.0,0.0
5.9,4.8,1.25,0.0,0.0,0.0
0.0,4.9,1.25,0.0,0.0,0.0
0.1,4.9,1.25,0.0,0.0,0.0
0.2,4.9,1.25,0.0,0.0,0.0
0.3,4.9,1.25,0.0,0.0,0.0
0.4,4.9,1.25,0.0,0.0,0.0
0.5,4.9,1.25,0.0,0.0,0.0
0.6,4.9,1.25,0.0,0.0,0.0
0.7,4.9,1.25,0.0,0.0,0.0
0.8,4.9,1.25,0.0,0.0,0.0
0.9,4.9,1.25,0.0,0.0,0.0
1.0,4.9,1.25,0.0,0.0,0.0
1.1,4.9,1.25,0.0,0.0,0.0
1.2,4.9,1.25,0.0,0.0,0.0
1.3,4.9,1.25,0.0,0.0,0.0
1.4,4.9,1.25,0.0,0.0,0.0
1.5,4.9,1.25,0.0,0.0,0.0
1.6,4.9,1.25,0.0,0.0,0.0
1.7,4.9,1.25,0.0,0.0,0.0
1.8,4.9,1.25,0.0,0.0,0.0
1.9,4.9,1.25,0.0,0.0,0.0
2.0,4.9,1.25,0.0,0.0,0.0
2.1,4.9,1.25,0.0,0.0,0.0
2.2,4.9,1.25,0.0,0.0,0.0
2.3,4.9,1.25,0.0,0.0,0.0
2.4,4.9,1.25,0.0,0.0,0.0
2.5,4.9,1.25,0.0,0.0,0.0
2.6,4.9,1.25,0.0,0.0,0.0
2.7,4.9,1.25,0.0,0.0,0.0
2.8,4.9,1.25,0.0,0.0,0.0
2.9,4.9,1.25,0.0,0.0,0.0
3.0,4.9,1.25,0.0,0.0,0.0
3.1,4.9,1.25,0.0,0.0,0.0
3.2,4.9,1.25,0.0,0.0,0.0
3.3,4.9,1.25,0.0,0.0,0.0
3.4,4.9,1.25,0.0,0.0,0.0
3.5,4.9,1.25,0.0,0.0,0.0
3.6,4.9,1.25,0.0,0.0,0.0
3.7,4.9,1.25,0.0,0.0,0.0
3.8,4.9,1.25,0.0,0.0,0.0
3.9,4.9,1.25,0.0,0.0,0.0
4.0,4.9,1.25,0.0,0.0,0.0
4.1,4.9,1.25,0.0,0.0,0.0
4.2,4.9,1.25,0.0,0.0,0.0
4.3,4.9,1.25,0.0,0.0,0.0
4.4,4.9,1.25,0.0,0.0,0.0
4.5,4.9,1.25,0.0,0.0,0.0
4.6,4.9,1.25,0.0,0.0,0.0
4.7,4.9,1.25,0.0,0.0,0.0
4.8,4.9,1.25,0.0,0.0,0.0
4.9,4.9,1.25,0.0,0.0,0.0
5.0,4.9,1.25,0.0,0.0,0.0
5.1,4.9,1.25,0.0,0.0,0.0
5.2,4.9,1.25,0.0,0.0,0.0
5.3,4.9,1.25,0.0,0.0,0.0
5.4,4.9,1.25,0.0,0.0,0.0
5.5,4.9,1.25,0.0,0.0,0.0
5.6,4.9,1.25,0.0,0.0,0.0
5.7,4.9,1.25,0.0,0.0,0.0
5.8,4.9,1.25,0.0,0.0,0.0
5.9,4.9,1.25,0.0,0.0,0.0
0.0,5.0,1.25,0.0,0.0,0.0
0.1,5.0,1.25,0.0,0.0,0.0
0.2,5.0,1.25,0.0,0.0,0.0
0.3,5.0,1.25,0.0,0.0,0.0
0.4,5.0,1.25,0.0,0.0,0.0
0.5,5.0,1.25,0.0,0.0,0.0
0.6,5.0,1.25,0.0,0.0,0.0
0.7,5.0,1.25,0.0,0.0,0.0
0.8,5.0,1.25,0.0,0.0,0.0
0.9,5.0,1.25,0.0,0.0,0.0
1.0,5.0,1.25,0.0,0.0,0.0
1.1,5.0,1.25,0.0,0.0,0.0
1.2,5.0,1.25,0.0,0.0,0.0
1.3,5.0,1.25,0.0,0.0,0.0
1.4,5.0,1.25,0.0,0.0,0.0
1.5,5.0,1.25,0.0,0.0,0.0
1.6,5.0,1.25,0.0,0.0,0.0
1.7,5.0,1.25,0.0,0.0,0.0
1.8,5.0,1.25,0.0,0.0,0.0
1.9,5.0,1.25,0.0,0.0,0.0
2.0,5.0,1.25,0.0,0.0,0.0
2.1,5.0,1.25,0.0,0.0,0.0
2.2,5.0,1.25,0.0,0.0,0.0
2.3,5.0,1.25,0.0,0.0,0.0
2.4,5.0,1.25,0.0,0.0,0.0
2.5,5.0,1.25,0.0,0.0,0.0
2.6,5.0,1.25,0.0,0.0,0.0
2.7,5.0,1.25,0.0,0.0,0.0
2.8,5.0,1.25,0.0,0.0,0.0
2.9,5.0,1.25,0.0,0.0,0.0
3.0,5.0,1.25,0.0,0.0,0.0
3.1,5.0,1.25,0.0,0.0,0.0
3.2,5.0,1.25,0.0,0.0,0.0
3.3,5.0,1.25,0.0,0.0,0.0
3.4,5.0,1.25,0.0,0.0,0.0
3.5,5.0,1.25,0.0,0.0,0.0
3.6,5.0,1.25,0.0,0.0,0.0
3.7,5.0,1.25,0.0,0.0,0.0
3.8,5.0,1.25,0.0,0.0,0.0
3.9,5.0,1.25,0.0,0.0,0.0
4.0,5.0,1.25,0.0,0.0,0.0
4.1,5.0,1.25,0.0,0.0,0.0
4.2,5.0,1.25,0.0,0.0,0.0
4.3,5.0,1.25,0.0,0.0,0.0
4.4,5.0,1.25,0.0,0.0,0.0
4.5,5.0,1.25,0.2,7.63407e-14,5.9604645e-08
4.6,5.0,1.25,0.0,0.0,0.0
4.7,5.0,1.25,0.0,0.0,0.0
4.8,5.0,1.25,0.0,0.0,0.0
4.9,5.0,1.25,0.0,0.0,0.0
5.0,5.0,1.25,0.0,0.0,0.0
5.1,5.0,1.25,0.0,0.0,0.0
5.2,5.0,1.25,0.0,0.0,0.0
5.3,5.0,1.25,0.0,0.0,0.0
5.4,5.0,1.25,0.0,0.0,0.0
5.5,5.0,1.25,0.0,0.0,0.0
5.6,5.0,1.25,0.0,0.0,0.0
5.7,5.0,1.25,0.0,0.0,0.0
5.8,5.0,1.25,0.0,0.0,0.0
5.9,5.0,1.25,0.0,0.0,0.0
0.0,5.1,1.25,0.0,0.0,0.0
0.1,5.1,1.25,0.0,0.0,0.0
0.2,5.1,1.25,0.0,0.0,0.0
0.3,5.1,1.25,0.0,0.0,0.0
0.4,5.1,1.25,0.0,0.0,0.0
0.5,5.1,1.25,0.0,0.0,0.0
0.6,5.1,1.25,0.0,0.0,0.0
0.7,5.1,1.25,0.0,0.0,0.0
0.8,5.1,1.25,0.0,0.0,0.0
0.9,5.1,1.25,0.0,0.0,0.0
1.0,5.1,1.25,0.0,0.0,0.0
1.1,5.1,1.25,0.0,0.0,0.0
1.2,5.1,1.25,0.0,0.0,0.0
1.3,5.1,1.25,0.0,0.0,0.0
1.4,5.1,1.25,0.0,0.0,0.0
1.5,5.1,1.25,0.0,0.0,0.0
1.6,5.1,1.25,0.0,0.0,0.0
1.7,5.1,1.25,0.0,0.0,0.0
1.8,5.1,1.25,0.0,0.0,0.0
1.9,5.1,1.25,0.0,0.0,0.0
2.0,5.1,1.25,0.0,0.0,0.0
2.1,5.1,1.25,0.0,0.0,0.0
2.2,5.1,1.25,0.0,0.0,0.0
2.3,5.1,1.25,0.0,0.0,0.0
2.4,5.1,1.25,0.0,0.0,0.0
2.5,5.1,1.25,0.0,0.0,0.0
2.6,5.1,1.25,0.0,0.0,0.0
2.7,5.1,1.25,0.0,0.0,0.0
2.8,5.1,1.25,0.0,0.0,0.0
2.9,5.1,1.25,0.0,0.0,0.0
3.0,5.1,1.25,0.0,0.0,0.0
3.1,5.1,1.25,0.0,0.0,0.0
3.2,5.1,1.25,0.0,0.0,0.0
3.3,5.1,1.25,0.0,0.0,0.0
3.4,5.1,1.25,0.0,0.0,0.0
3.5,5.1,1.25,0.0,0.0,0.0
3.6,5.1,1.25,0.0,0.0,0.0
3.7,5.1,1.25,0.0,0.0,0.0
3.8,5.1,1.25,0.0,0.0,0.0
3.9,5.1,1.25,0.0,0.0,0.0
4.0,5.1,1.25,0.0,0.0,0.0
4.1,5.1,1.25,0.0,0.0,0.0
4.2,5.1,1.25,0.0,0.0,0.0
4.3,5.1,1.25,0.0,0.0,0.0
4.4,5.1,1.25,0.0,0.0,0.0
4.5,5.1,1.25,0.2,7.63407e-14,5.9604645e-08
4.6,5.1,1.25,0.0,0.0,0.0
4.7,5.1,1.25,0.0,0.0,0.0
4.8,5.1,1.25,0.0,0.0,0.0
4.9,5.1,1.25,0.0,0.0,0.0
5.0,5.1,1.25,0.0,0.0,0.0
5.1,5.1,1.25,0.0,0.0,0.0
5.2,5.1,1.25,0.0,0.0,0.0
5.3,5.1,1.25,0.0,0.0,0.0
5.4,5.1,1.25,0.0,0.0,0.0
5.5,5.1,1.25,0.0,0.0,0.0
5.6,5.1,1.25,0.0,0.0,0.0
5.7,5.1,1.25,0.0,0.0,0.0
5.8,5.1,1.25,0.0,0.0,0.0
5.9,5.1,1.25,0.0,0.0,0.0
0.0,5.2,1.25,0.0,0.0,0.0
0.1,5.2,1.25,0.0,0.0,0.0
0.2,5.2,1.25,0.0,0.0,0.0
0.3,5.2,1.25,0.0,0.0,0.0
0.4,5.2,1.25,0.0,0.0,0.0
0.5,5.2,1.25,0.0,0.0,0.0
0.6,5.2,1.25,0.0,0.0,0.0
0.7,5.2,1.25,0.0,0.0,0.0
0.8,5.2,1.25,0.0,0.0,0.0
0.9,5.2,1.25,0.0,0.0,0.0
1.0,5.2,1.25,0.0,0.0,0.0
1.1,5.2,1.25,0.0,0.0,0.0
1.2,5.2,1.25,0.0,0.0,0.0
1.3,5.2,1.25,0.0,0.0,0.0
1.4,5.2,1.25,0.0,0.0,0.0
1.5,5.2,1.25,0.0,0.0,0.0
1.6,5.2,1.25,0.0,0.0,0.0
1.7,5.2,1.25,0.0,0.0,0.0
1.8,5.2,1.25,0.0,0.0,0.0
1.9,5.2,1.25,0.0,0.0,0.0
2.0,5.2,1.25,0.0,0.0,0.0
2.1,5.2,1.25,0.0,0.0,0.0
2.2,5.2,1.25,0.0,0.0,0.0
2.3,5.2,1.25,0.0,0.0,0.0
2.4,5.2,1.25,0.0,0.0,0.0
2.5,5.2,1.25,0.0,0.0,0.0
2.6,5.2,1.25,0.0,0.0,0.0
2.7,5.2,1.25,0.0,0.0,0.0
2.8,5.2,1.25,0.0,0.0,0.0
2.9,5.2,1.25,0.0,0.0,0.0
3.0,5.2,1.25,0.0,0.0,0.0
3.1,5.2,1.25,0.0,0.0,0.0
3.2,5.2,1.25,0.0,0.0,0.0
3.3,5.2,1.25,0.0,0.0,0.0
3.4,5.2,1.25,0.0,0.0,0.0
3.5,5.2,1.25,0.0,0.0,0.0
3.6,5.2,1.25,0.0,0.0,0.0
3.7,5.2,1.25,0.0,0.0,0.0
3.8,5.2,1.25,0.0,0.0,0.0
3.9,5.2,1.25,0.0,0.0,0.0
4.0,5.2,1.25,0.0,0.0,0.0
4.1,5.2,1.25,0.0,0.0,0.0
4.2,5.2,1.25,0.0,0.0,0.0
4.3,5.2,1.25,0.0,0.0,0.0
4.4,5.2,1.25,0.0,0.0,0.0
4.5,5.2,1.25,0.0,0.0,0.0
4.6,5.2,1.25,0.0,0.0,0.0
4.7,5.2,1.25,0.0,0.0,0.0
4.8,5.2,1.25,0.0,0.0,0.0
4.9,5.2,1.25,0.0,0.0,0.0
5.0,5.2,1.25,0.0,0.0,0.0
5.1,5.2,1.25,0.0,0.0,0.0
5.2,5.2,1.25,0.0,0.0,0.0
5.3,5.2,1.25,0.0,0.0,0.0
5.4,5.2,1.25,0.0,0.0,0.0
5.5,5.2,1.25,0.0,0.0,0.0
5.6,5.2,1.25,0.0,0.0,0.0
5.7,5.2,1.25,0.0,0.0,0.0
5.8,5.2,1.25,0.0,0.0,0.0
5.9,5.2,1.25,0.0,0.0,0.0
0.0,5.3,1.25,0.0,0.0,0.0
0.1,5.3,1.25,0.0,0.0,0.0
0.2,5.3,1.25,0.0,0.0,0.0
0.3,5.3,1.25,0.0,0.0,0.0
0.4,5.3,1.25,0.0,0.0,0.0
0.5,5.3,1.25,0.0,0.0,0.0
0.6,5.3,1.25,0.0,0.0,0.0
0.7,5.3,1.25,0.0,0.0,0.0
0.8,5.3,1.25,0.0,0.0,0.0
0.9,5.3,1.25,0.0,0.0,0.0
1.0,5.3,1.25,0.0,0.0,0.0
1.1,5.3,1.25,0.0,0.0,0.0
1.2,5.3,1.25,0.0,0.0,0.0
1.3,5.3,1.25,0.0,0.0,0.0
1.4,5.3,1.25,0.0,0.0,0.0
1.5,5.3,1.25,0.0,0.0,0.0
1.6,5.3,1.25,0.0,0.0,0.0
1.7,5.3,1.25,0.0,0.0,0.0
1.8,5.3,1.25,0.0,0.0,0.0
1.9,5.3,1.25,0.0,0.0,0.0
2.0,5.3,1.25,0.0,0.0,0.0
2.1,5.3,1.25,0.0,0.0,0.0
2.2,5.3,1.25,0.0,0.0,0.0
2.3,5.3,1.25,0.0,0.0,0.0
2.4,5.3,1.25,0.0,0.0,0.0
2.5,5.3,1.25,0.0,0.0,0.0
2.6,5.3,1.25,0.0,0.0,0.0
2.7,5.3,1.25,0.0,0.0,0.0
2.8,5.3,1.25,0.0,0.0,0.0
2.9,5.3,1.25,0.0,0.0,0.0
3.0,5.3,1.25,0.0,0.0,0.0
3.1,5.3,1.25,0.0,0.0,0.0
3.2,5.3,1.25,0.0,0.0,0.0
3.3,5.3,1.25,0.0,0.0,0.0
3.4,5.3,1.25,0.0,0.0,0.0
3.5,5.3,1.25,0.0,0.0,0.0
3.6,5.3,1.25,0.0,0.0,0.0
3.7,5.3,1.25,0.0,0.0,0.0
3.8,5.3,1.25,0.0,0.0,0.0
3.9,5.3,1.25,0.0,0.0,0.0
4.0,5.3,1.25,0.0,0.0,0.0
4.1,5.3,1.25,0.0,0.0,0.0
4.2,5.3,1.25,0.0,0.0,0.0
4.3,5.3,1.25,0.0,0.0,0.0
4.4,5.3,1.25,0.0,0.0,0.0
4.5,5.3,1.25,0.0,0.0,0.0
4.6,5.3,1.25,0.0,0.0,0.0
4.7,5.3,1.25,0.0,0.0,0.0
4.8,5.3,1.25,0.0,0.0,0.0
4.9,5.3,1.25,0.0,0.0,0.0
5.0,5.3,1.25,0.0,0.0,0.0
5.1,5.3,1.25,0.0,0.0,0.0
5.2,5.3,1.25,0.0,0.0,0.0
5.3,5.3,1.25,0.0,0.0,0.0
5.4,5.3,1.25,0.0,0.0,0.0
5.5,5.3,1.25,0.0,0.0,0.0
5.6,5.3,1.25,0.0,0.0,0.0
5.7,5.3,1.25,0.0,0.0,0.0
5.8,5.3,1.25,0.0,0.0,0.0
5.9,5.3,1.25,0.0,0.0,0.0
0.0,5.4,1.25,0.0,0.0,0.0
0.1,5.4,1.25,0.0,0.0,0.0
0.2,5.4,1.25,0.0,0.0,0.0
0.3,5.4,1.25,0.0,0.0,0.0
0.4,5.4,1.25,0.0,0.0,0.0
0.5,5.4,1.25,0.0,0.0,0.0
0.6,5.4,1.25,0.0,0.0,0.0
0.7,5.4,1.25,0.0,0.0,0.0
0.8,5.4,1.25,0.0,0.0,0.0
0.9,5.4,1.25,0.0,0.0,0.0
1.0,5.4,1.25,0.0,0.0,0.0
1.1,5.4,1.25,0.0,0.0,0.0
1.2,5.4,1.25,0.0,0.0,0.0
1.3,5.4,1.25,0.0,0.0,0.0
1.4,5.4,1.25,0.0,0.0,0.0
1.5,5.4,1.25,0.0,0.0,0.0
1.6,5.4,1.25,0.0,0.0,0.0
1.7,5.4,1.25,0.0,0.0,0.0
1.8,5.4,1.25,0.0,0.0,0.0
1.9,5.4,1.25,0.0,0.0,0.0
2.0,5.4,1.25,0.0,0.0,0.0
2.1,5.4,1.25,0.0,0.0,0.0
2.2,5.4,1.25,0.0,0.0,0.0
2.3,5.4,1.25,0.0,0.0,0.0
2.4,5.4,1.25,0.0,0.0,0.0
2.5,5.4,1.25,0.0,0.0,0.0
2.6,5.4,1.25,0.0,0.0,0.0
2.7,5.4,1.25,0.0,0.0,0.0
2.8,5.4,1.25,0.0,0.0,0.0
2.9,5.4,1.25,0.0,0.0,0.0
3.0,5.4,1.25,0.0,0.0,0.0
3.1,5.4,1.25,0.0,0.0,0.0
3.2,5.4,1.25,0.0,0.0,0.0
3.3,5.4,1.25,0.0,0.0,0.0
3.4,5.4,1.25,0.0,0.0,0.0
3.5,5.4,1.25,0.0,0.0,0.0
3.6,5.4,1.25,0.0,0.0,0.0
3.7,5.4,1.25,0.0,0.0,0.0
3.8,5.4,1.25,0.0,0.0,0.0
3.9,5.4,1.25,0.0,0.0,0.0
4.0,5.4,1.25,0.0,0.0,0.0
4.1,5.4,1.25,0.0,0.0,0.0
4.2,5.4,1.25,0.0,0.0,0.0
4.3,5.4,1.25,0.0,0.0,0.0
4.4,5.4,1.25,0.0,0.0,0.0
4.5,5.4,1.25,0.0,0.0,0.0
4.6,5.4,1.25,0.0,0.0,0.0
4.7,5.4,1.25,0.0,0.0,0.0
4.8,5.4,1.25,0.0,0.0,0.0
4.9,5.4,1.25,0.0,0.0,0.0
5.0,5.4,1.25,0.0,0.0,0.0
5.1,5.4,1.25,0.0,0.0,0.0
5.2,5.4,1.25,0.0,0.0,0.0
5.3,5.4,1.25,0.0,0.0,0.0
5.4,5.4,1.25,0.0,0.0,0.0
5.5,5.4,1.25,0.0,0.0,0.0
5.6,5.4,1.25,0.0,0.0,0.0
5.7,5.4,1.25,0.0,0.0,0.0
5.8,5.4,1.25,0.0,0.0,0.0
5.9,5.4,1.25,0.0,0.0,0.0
