0.0,0.0,0.0,0.0,0.0,0.0,0.0,0.0,0.0,0.0,0.0,0.0,0.0,0.0,0.0,0.0,0.0,0.0,0.0,0.0,0.0,0.0,0.0,0.0,0.0,0.0,0.0,0.0,0.0,0.0,0.0,0.0,0.0,0.0,0.0,0.0,0.0,0.0,0.0,0.0,0.0,0.0,0.0,0.0,0.0,0.0014508426,0.0,0.0,0.0,0.0,0.0,0.0,0.0014508426,0.0014508426,5.0892504e-05,0.0,0.018326119,0.016899796,0.018326119,0.0,0.0,0.0,0.016923336,0.00095510116,0.00020355447,0.00031027137,0.01865097,4.1398358e-05,0.0,2.3945633e-05,0.0014527247,0.0,0.0,0.0,0.0,0.0,0.0,0.0,0.0,0.0,0.0,0.0,0.0,0.0001075065,0.00012572561,0.0,0.0,0.0,0.0,0.0
0.0,0.0,0.0,0.0,0.0,0.0,0.0,0.0,0.0,0.0,0.0,0.0,0.0,0.0,0.0,0.0,0.0,0.0,0.0,0.0,0.0,0.0,0.0,0.0,5.0892504e-05,0.0014834666,0.0,0.0,0.019758929,0.0,0.0,0.0,0.0,0.0,0.0,0.0,0.0,2.3945633e-05,0.0,0.0014834666,0.0014766353,0.0007948995,0.0,1.8849543e-06,0.0,0.00010178242,5.0892504e-05,2.3945633e-05,0.0,0.0,0.0,0.0,0.0,4.7890695e-05,0.00032242373,0.00020548994,0.0016454399,0.0023130656,0.0016329129,0.0,0.0,0.00026015984,0.017278433,0.00035813556,0.0030488141,0.0035296245,0.01718594,0.00020055308,2.3561944e-07,0.0021046042,0.017369753,0.0625501,0.016908433,0.0,0.0,0.0,0.0,1.8849543e-06,0.00045298494,0.016591763,0.13384235,0.10613822,0.04569254,0.05155661,0.082696445,0.04989577,0.0,0.0,0.0,0.0
0.0,0.0,0.0,0.0,0.0,0.0,0.0,0.0,0.0,0.0,0.0,0.0,0.0,0.0,0.0,0.0,0.0,0.0,0.0,0.0,0.0,0.0,0.0,0.0,0.0,0.0,0.0,0.033514,0.0,0.0,5.0892504e-05,0.0,0.0,0.0,0.0,0.0,0.0,0.0,0.00011050815,0.0,0.0,0.0,0.0,0.0,0.0,2.3945633e-05,0.016899796,0.016899796,0.0,0.0,0.0,0.0,0.0,0.0,0.0001075065,8.3562874e-05,6.916354e-05,0.001999838,0.02029492,2.5830543e-05,0.0,8.777502e-06,5.08938e-08,0.0,5.0892504e-05,0.066086076,0.03360022,0.017861616,4.7890695e-05,0.00019482958,0.019605255,8.726608e-06,0.0,0.0,0.0,0.0,0.0001997664,0.00028519705,0.00027565425,0.0019494363,0.003947799,5.0943396e-05,0.017001718,0.0,1.8849543e-06,0.034916207,0.033514,0.0,0.0,0.0
0.0,0.0,0.0,0.0,0.0,0.0,0.0,0.0,0.0,0.0,0.0,0.0,0.0,0.0,0.0,0.0,0.0,0.0,0.0,0.0,0.0,0.0,0.0,0.0,0.0,0.0,0.0,0.0,0.0,0.0,0.0,0.0,0.0,0.0,0.0,0.0,0.0,0.0,8.726608e-06,0.0,0.0,0.0,0.0,0.0,0.0,0.0,0.0,0.0,0.0,0.0,0.0,0.0,0.0,0.0,0.0,0.0,0.0,0.001616542,0.0030922436,0.0015850988,8.726608e-06,8.726608e-06,0.016908381,0.016970694,0.01699876,0.00012572561,0.00010939127,0.0032347385,0.00015539203,5.0892504e-05,0.0,0.0,0.0,0.0,0.016899796,0.016899796,0.016899796,0.0,0.0,0.0,0.0,0.0,1.8849543e-06,0.0,0.0,0.0,0.0,0.0,0.0,0.0
0.0,0.0,0.0,0.0,0.0,0.0,0.0,0.0,0.0,0.0,0.0,0.0,0.0,0.0,0.0,0.0,0.0,0.0,0.0,0.0,0.0,0.0,0.0,0.0,0.0,0.0,0.0,0.0,0.0,0.0,0.0,0.0,0.0,0.0,0.0,0.0,0.0,0.0,0.0,0.0,0.0,0.0,0.0,0.0,0.0,0.0,0.0,0.0,0.0,0.0,0.0,0.0,0.0,0.0,0.0,0.00013822925,0.00016405618,0.0017268724,0.0015869808,2.3945633e-05,8.726608e-06,0.0,0.01690165,6.150351e-05,0.00029824828,0.00030143405,0.000103902785,0.018553646,5.9720453e-05,4.139835e-05,0.0,0.0,0.0,5.2777366e-05,0.017877169,0.034547117,0.035832405,0.018701954,4.7890695e-05,0.0,0.0,0.0,0.0,0.0,0.0,0.0,0.0,0.0,0.0,0.0
0.0,0.0,0.0,0.0,0.0,0.0,0.0,0.0,0.0,0.0,0.0,0.0,0.0,0.0,0.0,0.0,0.0,0.0,0.0,0.0,0.0,0.0,0.0,0.0,0.0,0.0,0.0,0.0,0.0,0.0,0.0,0.0,0.0,0.0,0.0,0.0,0.00038291002,0.0,0.0,0.0,0.0,0.0,0.0,0.0,0.0,0.0,0.0,0.0,0.0,0.0,0.0,0.0,0.0,0.00013634458,0.00013634458,0.00013822925,0.000112392874,0.0015869808,5.661688e-05,0.0014595565,0.0014595565,1.9358479e-06,0.0003999059,0.0020620541,0.047474086,0.08943131,0.04583457,0.0008207604,0.020193674,1.745314e-05,0.0,0.0,0.0,0.00010178242,0.0019586347,0.019092811,0.035869136,0.00033060674,0.00046633923,0.0,0.0,0.0,0.0,0.0,0.0,0.0,0.0,0.0,0.0,0.0
0.0,0.0,0.0,0.0,0.0,0.0,0.0,0.0,0.0,0.0,0.0,0.0,0.0,0.0,0.0,0.0,0.0,0.0,0.0,0.0,0.0,0.0,0.0,0.0,0.0,0.0,0.0,0.0,0.0,0.0,0.0,0.0,0.0,0.0,0.0,0.016949827,5.0892504e-05,0.0,0.0,0.0,0.0,0.0,0.0,0.0,0.0,5.0892504e-05,0.0,0.0,0.0,0.0,0.0,0.0,0.00018723014,0.00018723014,0.0,8.726608e-06,8.726608e-06,6.534299e-05,0.0014834673,0.0014508426,2.3945633e-05,0.016979003,0.00039802172,0.047133904,0.00010366719,0.04569254,0.009410212,0.0011198288,0.023925979,0.0,0.0,0.0,0.0,0.0,0.0,0.0,0.018434599,8.726608e-06,0.033542607,0.08230731,0.0,0.0,0.0,0.0,0.0,0.0,0.0,0.0,0.0,0.0
0.0,0.0,0.0,0.0,0.0,0.0,0.0,0.0,0.0,0.0,0.0,0.0,0.0,0.0,0.0,0.0,0.0,0.0,0.0,0.0,0.0,0.0,0.0,0.0,0.0,0.0,0.0,0.0,0.0,0.0,0.0,0.0,0.0,0.0,0.0,5.2777366e-05,0.0,0.0,0.0,0.0,0.0,0.0,0.0,2.3945633e-05,2.3945633e-05,0.0,0.0,0.0,0.0,0.0,0.0,0.0,0.00019595513,0.0,2.3945633e-05,3.267203e-05,4.7890695e-05,0.0015263375,0.0029609043,0.0,0.01697042,0.016946878,0.04569254,0.04569254,0.0,0.00063801685,0.031222312,0.0067678066,0.023988035,0.048696492,0.066493995,0.004759392,0.008090416,0.0,0.0,5.0892504e-05,0.016949827,0.016949827,0.0,0.042088777,0.002587448,0.0,0.0,0.0,0.0,0.0,0.0,0.0,0.0,0.0
0.0,0.0,0.0,0.0,0.0,0.0,0.0,0.0,0.0,0.0,0.0,0.0,0.0,0.0,0.0,0.0,0.0,0.0,0.0,0.0,0.0,0.0,0.0,0.0,0.0,0.0,0.0,0.0,0.0,0.0,0.0,0.0,0.0,0.0,5.0892504e-05,5.0892504e-05,0.0,0.0,0.0,0.0,0.0,0.0,0.0,0.0,0.0,0.0,0.0,5.0892504e-05,0.0,0.0,0.0,0.0,8.726608e-06,0.0,3.267203e-05,8.726608e-06,0.00015155289,0.00097402115,8.726608e-06,0.0,2.3945633e-05,0.04569254,0.04569254,0.016958406,0.00220892,0.0031640711,0.038401343,0.023601335,0.01724064,0.15827417,0.19040571,0.07178781,0.14171366,0.12102308,0.0,0.0,0.016908376,0.016899796,0.0,0.018606868,0.016931923,0.0,0.0,0.0,0.0,0.0,0.0,0.0,0.0,0.0
0.0,0.0,0.0,0.0,0.0,0.0,0.0,0.0,0.0,0.0,0.0,0.0,0.0,0.0,0.0,0.0,0.0,0.0,0.0,0.0,0.0,0.0,0.0,0.0,0.0,0.0,0.0,0.0,0.0,0.0,0.0,0.0,0.0,0.0,0.00037408495,2.3945633e-05,0.0,0.0,0.0,0.0,0.0,0.0,0.0,4.7890695e-05,0.0,0.0,0.0,5.0892504e-05,0.0,0.0,0.0,0.0,0.0,0.0,0.00015155289,0.0001754949,0.00017361029,0.0,0.018349623,2.3945633e-05,0.06330443,0.062088676,0.13833678,0.14516291,0.10032309,0.18677136,0.218145,0.22993588,0.12922634,0.1811841,0.15132011,0.10463931,0.1433016,0.0881242,0.0033589038,0.0001257765,0.016908376,0.0,0.0,0.016899796,9.228875e-05,0.0,0.0,0.0,0.0,0.0,0.0,0.0,0.0,0.0
0.0,0.0,0.0,0.0,0.0,0.0,0.0,0.0,0.0,0.0,0.0,0.0,0.0,0.0,0.0,0.0,0.0,0.0,0.0,0.0,0.0,0.0,0.0,0.0,0.0,0.0,0.0,0.0,0.0,0.0,0.0,0.0,0.0,0.0,0.00040674472,3.267203e-05,0.0,0.0,0.0,0.0,0.0,0.0,0.0,7.1835166e-05,9.5779076e-05,3.267203e-05,3.267203e-05,0.0,0.0,0.0,0.0,0.0,0.0,0.0,0.0,0.0016002937,0.0015766211,0.0,0.018326119,2.3945633e-05,0.036277004,0.1303526,0.120881595,0.0836203,0.23783438,0.31345788,0.16926502,0.24154083,0.17338985,0.28190067,0.16455236,0.059414644,0.020043362,0.02010367,0.0015551957,1.8849543e-06,0.0,0.0,0.0,0.0,0.04578061,0.0,0.0,0.0,0.0,0.0,0.0,0.0,0.0,0.0
0.0,0.0,0.0,0.0,0.0,0.0,0.0,0.0,0.0,0.0,0.0,0.0,0.0,0.0,0.0,0.0,0.0,0.0,0.0,0.0,0.0,0.0,0.0,0.0,0.0,0.0,0.0,0.0,0.0,0.0,0.0,0.0,0.0,0.0,0.0,0.0,2.3561944e-07,5.1128103e-05,0.00010178242,0.0,0.0,0.0,0.0,0.0,4.7890695e-05,2.3945633e-05,3.267203e-05,3.267203e-05,8.726608e-06,0.0,0.0,0.0,0.0,0.016899796,5.9618662e-05,0.0024384498,0.023493484,0.020936534,0.018377986,0.0014747535,0.020679118,0.11725127,0.13586055,0.25180277,0.13599324,0.3184388,0.27069172,0.21740925,0.17429799,0.3387303,0.24536495,0.12076733,0.052354105,0.0009414497,2.5830534e-05,0.00022370723,0.0015210207,0.0,0.0,0.0,0.0,0.0,0.0,0.0,0.0,0.0,0.0,0.0,0.0,0.0
0.0,0.0,0.0,0.0,0.0,0.0,0.0,0.0,0.0,0.0,0.0,0.0,0.0,0.0,0.0,0.0,0.0,0.0,0.0,0.0,0.0,0.0,0.0,0.0,0.0,0.0,0.0,0.0,0.0,0.0,0.0,0.0,0.0,0.0,2.3945633e-05,2.3945633e-05,0.0,0.0,0.0,0.0,0.0,0.0,5.2777366e-05,0.0,0.0,0.0,0.0,0.0,0.0,0.0,0.0,0.0,0.016899796,0.016946876,0.00015266975,0.019337527,0.094563305,0.0591619,0.00012766123,0.0,0.038217224,0.20387399,0.11979915,0.1604372,0.025297632,0.051085077,0.06489445,0.116930306,0.1317856,0.2715431,0.07845907,0.001636831,0.007927523,0.0002263785,0.0018282421,0.09627991,0.054002937,0.0,0.0,0.0,0.0,0.0,0.0,0.0,0.0,0.0,0.0,0.0,0.0,0.0
0.0,0.0,0.0,0.0,0.0,0.0,0.0,0.0,0.0,0.0,0.0,0.0,0.0,0.0,0.0,0.0,0.0,0.0,0.0,0.0,0.0,0.0,0.0,0.0,0.0,0.0,0.0,0.0,0.0,0.0,0.0,0.0,0.0,0.0,0.016899796,2.3561944e-07,2.3561944e-07,0.0,0.0,0.0,0.0,0.0,1.8849543e-06,5.0892504e-05,5.0892504e-05,0.0,0.0,0.0,0.0,0.0,5.0892504e-05,8.726608e-06,0.017970758,0.0011193407,0.03603525,0.03655112,0.20566858,0.19359459,0.01965659,0.01797087,0.08940814,0.348834,0.22442034,0.052558888,0.092369586,0.049727444,0.09386675,0.041532516,0.3396568,0.29061878,0.043864522,0.0012457434,0.0013224203,0.00035207567,0.0011296106,0.00033521277,0.0015016613,0.0,0.0,0.0,0.0,0.0,0.0,0.0,0.0,0.0,0.0,0.0,0.0,0.0
0.0,0.0,0.0,0.0,0.0,0.0,0.0,0.0,0.0,0.0,0.0,0.0,0.0,0.0,0.0,0.0,0.0,0.0,0.0,0.0,0.0,0.0,0.0,0.0,0.0,0.0,0.0,0.0,0.0,0.0,0.0,0.0,0.0,0.0,0.016899796,0.016899796,0.00037432046,0.0,0.0,5.08938e-08,5.08938e-08,0.0,0.0,0.0,0.0,0.0,5.0892504e-05,0.0,0.0014747535,0.0,5.0892504e-05,0.00088711496,0.022595197,0.0696354,0.0522614,0.060800567,0.100644626,0.07254711,0.0017644153,0.06766418,0.14056993,0.22906826,0.16601953,0.018522998,0.00018934158,0.0031732775,0.05244706,0.06475288,0.09954096,0.13276748,0.004113902,0.0,0.0014747528,0.000275375,0.00030255064,0.0017348159,0.001627198,3.267203e-05,0.0,0.0,0.0,0.0,0.0,0.0,0.0,0.0,0.0,0.0,0.0,0.0
0.0,0.0,0.0,0.0,0.0,0.0,0.0,0.0,0.0,0.0,0.0,0.0,0.0,0.0,0.0,0.0,0.0,0.0,0.0,0.0,0.0,0.0,0.0,0.0,0.0,0.0,0.0,0.0,0.0,0.0,0.0,0.0,0.0,0.0,0.0,0.0,0.00037408495,0.0,5.08938e-08,5.08938e-08,0.0,0.0,0.0,0.0,0.0,0.0,5.0892504e-05,3.295853e-05,0.0015938114,0.0033583043,0.01858544,0.018851258,0.03711523,0.018242009,0.035242714,0.122584656,0.096663885,0.13661972,0.10931383,0.1431154,0.12115152,0.11649642,0.13837665,0.041781813,0.05087613,0.0024165334,0.0026972997,0.002923592,0.019812778,0.019897547,0.0,0.0,0.0,5.0892504e-05,0.00014966827,0.0005851686,0.003513977,0.007075416,0.0077269366,0.0,0.0,0.0,0.0,0.0,0.0,0.0,0.0,0.0,0.0,0.0
0.0,0.0,0.0,0.0,0.0,0.0,0.0,0.0,0.0,0.0,0.0,0.0,0.0,0.0,0.0,0.0,0.0,0.0,0.0,0.0,0.0,0.0,0.0,0.0,0.0,0.0,0.0,0.0,0.0,0.0,0.0,0.0,0.0,0.0,0.0,0.016899796,0.017267564,0.0,0.0,5.08938e-08,0.0,5.08938e-08,5.08938e-08,0.0,1.0,5.0892504e-05,5.0943396e-05,5.1128114e-05,0.00014317656,0.022637539,0.020847796,0.03515417,0.020896716,0.017364485,0.057026595,0.14587052,0.07247703,0.059555676,1.0,1.0,0.0,0.034145836,0.08747317,0.088782035,0.03823684,0.0026021474,0.0,0.0,0.0,0.0,0.0,0.0,0.0,0.00075708,0.008185351,0.018791795,0.010471779,0.0070140804,0.0031603104,0.003685341,0.002973416,0.0016108879,0.0,0.0,0.0,0.0,0.0,0.0,0.0,0.0
0.0,0.0,0.0,0.0,0.0,0.0,0.0,0.0,0.0,0.0,0.0,0.0,0.0,0.0,0.0,0.0,0.0,0.0,0.0,0.0,0.0,0.0,0.0,0.0,0.0,0.0,0.0,0.0,0.0,0.0,0.0,0.0,0.0,0.0,0.0,0.0,0.017267564,0.00037408495,0.0,5.08938e-08,2.3561944e-07,0.0,0.0019586408,2.3945633e-05,1.0,1.8849543e-06,0.0,0.0015016613,0.0001910604,0.021184519,0.0063958988,0.0356688,0.041063745,0.055930704,0.054883678,0.15819456,0.027848918,0.028069315,1.0,1.0,0.0,0.0,0.00012572562,0.00017849635,2.3945633e-05,0.0,0.0,0.0,0.0,0.0,0.0,0.0,0.0,0.00842787,0.016754005,0.020137176,0.02764482,0.027688527,0.032017466,0.007744198,0.004414303,0.00013061191,0.00012949503,0.0,0.0,0.0,0.0,0.0,0.0,0.0
0.0,0.0,0.0,0.0,0.0,0.0,0.0,0.0,0.0,0.0,0.0,0.0,0.0,0.0,0.0,0.0,0.0,0.0,0.0,0.0,0.0,0.0,0.0,0.0,0.0,0.0,0.0,0.0,0.0,0.0,0.0,0.0,0.0,0.0,0.0,0.0,0.016899796,0.017267564,0.00037408495,0.00037432046,0.00037432046,0.0004306807,0.020362362,0.0015534784,1.0,5.961867e-05,0.00011616237,0.0019339494,0.002286408,0.054544676,0.07399966,0.03732384,0.12118935,0.13750437,0.121467285,0.14055398,0.0728084,0.04284944,1.0,1.0,0.0,0.0,0.0,0.0,0.0,0.0,0.0,0.0,0.0,0.0,0.0,0.0,0.0,0.0030603935,0.028484832,0.07748635,0.07452452,0.14169483,0.13764203,0.052649748,0.03520786,0.0066542057,0.01103051,0.0018546084,0.0,0.0,0.0,0.0,0.0,0.0
0.0,0.0,0.0,0.0,0.0,0.0,0.0,0.0,0.0,0.0,0.0,0.0,0.0,0.0,0.0,0.0,0.0,0.0,0.0,0.0,0.0,0.0,0.0,0.0,0.0,0.0,0.0,0.0,0.0,0.0,0.0,0.0,0.0,0.0,0.0,0.0,0.0,0.0,0.0,0.0,0.0,0.018889057,0.038892444,0.010824065,1.0,0.018400345,0.034964252,0.00058142544,0.08562319,0.20943041,0.2890718,0.20688476,0.20800321,0.10681607,0.09016773,0.07774829,0.06222964,0.056262933,1.0,1.0,0.012051719,0.0,0.0,0.0,0.0,0.0,0.0,0.0,0.0,0.0,0.0,0.0,0.0,0.00465016,0.09709316,0.46558622,0.46835676,0.39406267,0.3738431,0.28744015,0.2530571,0.091035366,0.026807493,0.0035066935,8.726608e-06,0.0,0.0,0.0,0.0,0.0
0.0,0.0,0.0,0.0,0.0,0.0,0.0,0.0,0.0,0.0,0.0,0.0,0.0,0.0,0.0,0.0,0.0,0.0,0.0,0.0,0.0,0.0,0.0,0.0,0.0,0.0,0.0,0.0,0.0,0.0,0.0,0.0,0.0,0.0,0.0,0.0,0.0,0.0,0.0,0.0,0.033514,0.0751524,0.078293,0.069177575,1.0,8.403408e-05,0.05598158,0.023121579,0.043722466,0.20070669,0.4040327,0.18600233,0.15566687,0.16301845,0.1062421,0.058719553,0.1363063,0.17653391,1.0,1.0,0.054802623,0.01249629,0.0,0.0,0.0,0.0,0.0,0.0,0.0,0.0,0.0,0.0,0.0,0.004643809,0.45817795,0.43121147,0.19618715,0.22700028,0.25811592,0.59456813,0.49796304,0.17989697,0.023840511,0.0070205037,0.0013032166,0.0,0.0,0.0,0.0,0.0
0.0,0.0,0.0,0.0,0.0,0.0,0.0,0.0,0.0,0.0,0.0,0.0,0.0,0.0,0.0,0.0,0.0,0.0,0.0,0.0,0.0,0.0,0.0,0.0,0.0,0.0,0.0,0.0,0.0,0.0,0.0,0.0,0.0,0.0,0.0,0.0,0.0,0.0,5.0892504e-05,0.0,0.018820869,0.07258206,0.04775031,0.02691842,0.9611524,0.024642402,0.04381234,0.022645291,0.064200394,0.48621187,0.1516937,0.22558251,0.3627884,0.3331986,0.19673617,0.088364646,0.17702095,0.92215383,1.0,0.9691517,0.13508579,0.040242005,0.0074327514,0.0,0.0,0.0,0.0,0.0,0.0,0.0,0.0,0.0,0.0,0.11489351,0.38768485,0.47207248,0.37877643,0.28584883,0.53808033,0.6811279,0.54434323,0.14884064,0.0223163,0.005212421,7.488781e-05,0.0,0.0,0.0,0.0,0.0
0.0,0.0,0.0,0.0,0.0,0.0,0.0,0.0,0.0,0.0,0.0,0.0,0.0,0.0,0.0,0.0,0.0,0.0,0.0,0.0,0.0,0.0,0.0,0.0,0.0,0.0,0.0,0.0,0.0,0.0,0.0,0.0,0.0,0.0,0.0,0.0,0.0,1.745314e-05,0.018631462,0.0013952514,0.020864004,0.09615216,0.025027793,0.0043528494,0.002580569,0.011961591,0.026244905,0.040613405,0.53516686,0.62578976,0.25899804,0.422898,0.5547239,0.35506245,0.05751853,0.025946219,0.2024223,0.97758234,0.9999999,0.9076895,0.2815747,0.09441919,0.023923408,0.0015524777,0.0031858475,5.9618662e-05,0.0,0.0,0.0,0.0,0.0,0.0,0.0,0.023655664,0.39368013,0.5407759,0.32425606,0.48737302,0.78609526,0.29937735,0.28590104,0.10875898,0.0025777058,0.0013778725,0.00012577651,0.0,0.0,0.0,0.0,0.0
0.0,0.0,0.0,0.0,0.0,0.0,0.0,0.0,0.0,0.0,0.0,0.0,0.0,0.0,0.0,0.0,0.0,0.0,0.0,0.0,0.0,0.0,0.0,0.0,0.0,0.0,0.0,0.0,0.0,0.0,0.0,0.0,0.0,0.0,0.0,0.0,3.267203e-05,0.037209332,0.0023064823,0.0010782412,0.003161682,0.097835556,0.059257537,0.010408867,0.107567154,0.15178561,0.022527836,0.13572052,0.63445395,0.5673832,0.27509856,0.42611334,0.58023584,0.3348101,0.13985205,0.07352976,0.19268008,0.67327183,0.9365215,0.7031888,0.35842127,0.28929052,0.16610123,0.055200025,0.023322292,0.045402054,0.19487843,0.29528335,0.25176218,0.15258968,0.28173184,0.3443303,0.14560449,0.089572944,0.089566454,0.5326882,0.3955948,0.8538002,0.93971485,0.56865925,0.25469136,0.05267258,0.0015104248,0.0,0.0,0.0,0.0,0.0,0.0,0.0
0.0,0.0,0.0,0.0,0.0,0.0,0.0,0.0,0.0,0.0,0.0,0.0,0.0,0.0,0.0,0.0,0.0,0.0,0.0,0.0,0.0,0.0,0.0,0.0,0.0,0.0,0.0,0.0,0.0,0.0,0.0,0.0,0.0,0.0,0.0,0.0,0.0,0.003389569,0.004164542,0.0016418603,0.0016706452,0.021588486,0.08584185,0.45789587,0.4065366,0.24959895,0.09594751,0.26428348,0.76104045,0.8594048,0.637408,0.5994652,0.60958135,0.45112085,0.32702225,0.19780572,0.24352224,0.2888439,0.70227766,0.63702065,0.5567884,0.48363262,0.45460448,0.09223753,0.045741107,0.027193494,0.16690512,0.27937195,0.5934579,0.70635617,0.78594506,0.7714206,0.6032639,0.3847894,0.56789947,0.19429293,0.4682298,0.60975814,0.9184332,0.23649268,0.04569254,0.0,0.0,0.0,0.0,0.0,0.0,0.0,0.0,0.0
0.0,0.0,0.0,0.0,0.0,0.0,0.0,0.0,0.0,0.0,0.0,0.0,0.0,0.0,0.0,0.0,0.0,0.0,0.0,0.0,0.0,0.0,0.0,0.0,0.0,0.0,0.0,0.0,0.0,0.0,0.0,0.0,0.0,0.0,0.0,0.0,7.483692e-05,0.00026437946,0.08094988,0.04713104,0.018615665,0.031875115,0.21273237,0.55966353,0.3351478,0.26540264,0.19354403,0.46412522,0.89455676,0.8201191,0.8327529,0.6398402,0.66793025,0.4349492,0.47192067,0.25095165,0.2569497,0.18399972,0.7036817,0.6501155,0.52614385,0.6101681,0.8206389,0.2734663,0.08932088,0.09432772,0.32123405,0.5579536,0.5977716,0.7766269,0.9719626,0.99667996,0.9999791,1.0,1.0,1.0,1.0,1.0,0.31642717,0.0,0.0,0.0,0.0,0.0,0.0,0.0,0.0,0.0,0.0,0.0
0.0,0.0,0.0,0.0,0.0,0.0,0.0,0.0,0.0,0.0,0.0,0.0,0.0,0.0,0.0,0.0,0.0,0.0,0.0,0.0,0.0,0.0,0.0,0.0,0.0,0.0,0.0,0.0,0.0,0.0,0.0,0.0,0.0,0.0,0.0,0.0,2.4181247e-05,8.356287e-05,0.0170973,0.036637396,0.13373776,0.2693699,0.2747573,0.31243485,0.4953269,0.44737485,0.5927547,0.48785162,0.9629177,0.8795355,0.9073915,0.57958806,0.4489804,0.38061285,0.48047745,0.30641064,0.090470664,0.10539129,0.54352826,0.30952728,0.48196775,0.6515221,0.8954374,0.43836805,0.31359205,0.3165587,0.18360981,0.11224503,0.45442674,0.9791626,0.997131,0.9987659,0.9760847,0.43215603,0.4213014,1.8849543e-06,5.0892504e-05,0.019305034,0.57377625,0.4526925,0.0,0.0,0.0,0.0,0.0,0.0,0.0,0.0,0.0,0.0
0.0,0.0,0.0,0.0,0.0,0.0,0.0,0.0,0.0,0.0,0.0,0.0,0.0,0.0,0.0,0.0,0.0,0.0,0.0,0.0,0.0,0.0,0.0,0.0,0.0,0.0,0.0,0.0,0.0,0.0,0.0,0.0,0.0,0.0,0.0,0.0,0.0014508426,0.019832287,0.1714861,0.05477811,0.30211136,0.31282946,0.43252164,0.7044662,0.8975854,0.83443534,0.7719265,0.6677734,0.98499006,0.96148586,0.80857044,0.6214452,0.437447,0.4514078,0.23585005,0.20472583,0.14230342,0.07442045,0.24908194,0.08483847,0.6374722,0.8202362,0.9612424,0.91939056,0.13455954,0.022638703,0.03907356,0.40677112,0.7366999,0.90899056,0.1458909,0.045741107,0.0,0.0,0.0,0.0,0.002022159,0.019361876,0.23761022,0.23887712,0.0,0.0,0.0,1.8849543e-06,0.0,5.08938e-08,0.016923387,5.0892504e-05,0.0,0.0
0.0,0.0,0.0,0.0,0.0,0.0,0.0,0.0,0.0,0.0,0.0,0.0,0.0,0.0,0.0,0.0,0.0,0.0,0.0,0.0,0.0,0.0,0.0,0.0,0.0,0.0,0.0,0.0,0.0,0.0,0.0,0.0,0.0,0.0,0.0,0.0,0.0030325272,0.057671003,0.66421896,0.4346157,0.2816041,0.5529549,0.7761908,0.78740674,0.8438374,0.8519885,0.9487498,0.89156365,0.9970902,0.98711175,0.6765763,0.5912082,0.41702458,0.27529535,0.17165042,0.23279855,0.07822114,0.0075690025,0.08479873,0.12967353,0.38124964,0.43589315,0.8946942,0.9999548,0.05726504,0.098328516,0.38797843,0.38707688,0.28674024,0.04569254,0.0,0.0,0.0,0.0,0.0,0.0,0.0020460563,0.0018035227,0.14755337,0.3039567,0.040376816,6.173912e-05,0.0016141204,0.0016046411,0.0016084051,0.00013633583,0.0,0.00032813783,9.228875e-05,0.0
0.0,0.0,0.0,0.0,0.0,0.0,0.0,0.0,0.0,0.0,0.0,0.0,0.0,0.0,0.0,0.0,0.0,0.0,0.0,0.0,0.0,0.0,0.0,0.0,0.0,0.0,0.0,0.0,0.0,0.0,0.0,0.0,0.0,0.0,0.0,0.0,0.00016900337,0.1872038,0.7293225,0.4754258,0.60449404,0.7217387,0.709461,0.58357745,0.63283414,0.7336463,0.7949685,1.0,1.0,0.93904126,0.63886577,0.55856097,0.34534806,0.19706914,0.3824987,0.34697202,0.17640537,0.06540021,0.11926166,0.20721784,0.31204715,0.40773115,0.99999964,1.0,0.13336132,0.39181897,0.40271193,0.11587534,0.123802185,0.123067945,0.11016398,0.09791687,0.0009580494,0.0,0.0,0.0,0.0013029812,0.001854323,0.04735274,0.06857792,0.05699298,0.0016617489,0.0019913244,0.00025255216,6.534299e-05,0.00019594636,0.0004117242,0.00029470774,0.045741107,0.0
0.0,0.0,0.0,0.0,0.0,0.0,0.0,0.0,0.0,0.0,0.0,0.0,0.0,0.0,0.0,0.0,0.0,0.0,0.0,0.0,0.0,0.0,0.0,0.0,0.0,0.0,0.0,0.0,0.0,0.0,0.0,0.0,0.0,0.0,0.0,0.0,0.0,0.00015539204,0.019601548,0.22858599,0.35795182,0.62592655,0.5877499,0.25434095,0.19992416,0.19688152,0.44061157,0.9969595,1.0,0.9999093,0.68341917,0.76781154,0.6009404,0.29377377,0.27668014,0.26962382,0.020776184,0.004649326,0.05652992,0.13718298,0.22645484,0.5275533,1.0,1.0,0.38399073,0.5040728,0.17555475,0.11621417,0.097366296,0.05528398,0.17784625,0.20624135,0.1021735,0.00017012021,0.0,0.0,7.483692e-05,0.0015850989,0.0016573847,0.047435705,0.0032519829,0.004029721,0.020566981,0.003850537,6.150351e-05,8.726608e-06,0.00015839352,0.0004477774,0.016899796,5.0892504e-05
0.0,0.0,0.0,0.0,0.0,0.0,0.0,0.0,0.0,0.0,0.0,0.0,0.0,0.0,0.0,0.0,0.0,0.0,0.0,0.0,0.0,0.0,0.0,0.0,0.0,0.0,0.0,0.0,0.0,0.0,0.0,0.0,0.0,0.0,0.0,0.0,0.0,0.0,0.0,0.04656739,0.1346829,0.5808345,0.41633675,0.38056862,0.23884626,0.18639095,0.1173161,0.5563458,1.0,0.99999875,0.59955686,0.56113946,0.5023975,0.31417528,0.15681204,0.17350096,0.06815962,0.03785569,0.0506145,0.22250842,0.22246405,0.4270155,1.0,1.0,0.5046953,0.20608613,0.07364979,0.020208808,0.050961256,0.10201703,0.14791593,0.11930328,0.20645833,0.06931417,0.03382583,0.0,0.0,0.00010178242,0.08945139,0.089395225,0.004500384,0.0066143028,0.004873654,0.0030431072,0.0033588358,0.019052949,0.0014812449,0.0022953672,0.0,0.0
0.0,0.0,0.0,0.0,0.0,0.0,0.0,0.0,0.0,0.0,0.0,0.0,0.0,0.0,0.0,0.0,0.0,0.0,0.0,0.0,0.0,0.0,0.0,0.0,0.0,0.0,0.0,0.0,0.0,0.0,0.0,0.0,0.0,0.0,0.0,0.0,0.0,0.0,0.0,0.0,0.1496204,0.54328173,0.607305,0.40247342,0.28187576,0.21784984,0.14516152,0.23916204,1.0,0.5704764,0.49197707,0.34729666,0.4738227,0.4566425,0.120938666,0.03522191,0.0170791,0.007194804,0.037250157,0.19082116,0.16214451,0.34787932,1.0,1.0,0.3703442,0.05523368,0.06987729,0.019609772,0.033992603,0.017463125,0.094102986,0.18908715,0.21105905,0.05392317,0.017316792,0.0,0.0,0.0,0.0,5.0892504e-05,0.0020251288,0.005065824,0.0023919712,0.00087455957,0.017880118,0.017127978,0.049369708,0.049080454,0.0014595565,0.0
0.0,0.0,0.0,0.0,0.0,0.0,0.0,0.0,0.0,0.0,0.0,0.0,0.0,0.0,0.0,0.0,0.0,0.0,0.0,0.0,0.0,0.0,0.0,0.0,0.0,0.0,0.0,0.0,0.0,0.0,0.0,0.0,0.0,0.0,0.0,0.0,0.0,0.0,0.0,0.0,0.0897091,0.25161803,0.34088662,0.09479028,0.079238966,0.17135413,0.28317568,0.44390115,1.0,0.12906423,0.20329161,0.31653288,0.41357425,0.34232798,0.2831723,0.041058518,0.021295624,0.038168035,0.15032603,0.11552352,0.13164805,0.2809837,1.0,1.0,0.17010307,0.08907122,0.090163164,0.052265566,0.03650971,0.035569277,0.11710012,0.31912878,0.20752786,0.034165014,0.00010178242,0.0,0.0,0.0,0.0,0.0,5.0892504e-05,0.0008457516,0.0039179954,0.0032663178,0.004670452,0.003308902,0.0005593525,1.1133673e-05,0.0015122567,0.0
0.0,0.0,0.0,0.0,0.0,0.0,0.0,0.0,0.0,0.0,0.0,0.0,0.0,0.0,0.0,0.0,0.0,0.0,0.0,0.0,0.0,0.0,0.0,0.0,0.0,0.0,0.0,0.0,0.0,0.0,0.0,0.0,0.0,0.0,0.0,0.0,0.0,0.0,0.0,0.0,0.0,0.00023621983,0.06440767,0.04970945,6.285605e-05,0.019237245,0.18834002,0.2307487,1.0,0.16002803,0.1122164,0.18689765,0.28688645,0.25263324,0.25813636,0.0528734,0.05146917,0.16385654,0.20945726,0.102272965,0.14900361,0.19957753,1.0,1.0,0.20382214,0.12178578,0.10033908,0.06590539,0.13553692,0.14871341,0.2708206,0.25649062,0.053785328,0.017329607,0.0,0.0,0.0,0.0,0.0,0.0,0.0,0.0004488939,0.00049869803,0.0006496433,0.018802295,0.024497498,0.0030338771,7.483692e-05,5.0943396e-05,2.3945633e-05
0.0,0.0,0.0,0.0,0.0,0.0,0.0,0.0,0.0,0.0,0.0,0.0,0.0,0.0,0.0,0.0,0.0,0.0,0.0,0.0,0.0,0.0,0.0,0.0,0.0,0.0,0.0,0.0,0.0,0.0,0.0,0.0,0.0,0.0,0.0,0.0,0.0,0.0,0.0,0.0,0.0,0.0,0.0,0.0039232676,0.004079928,0.048490223,0.02180057,0.08488556,1.0,0.0821874,0.08334647,0.12788597,0.1764354,0.3861384,0.16530734,0.035252683,0.099041335,0.17796808,0.16297,0.08314373,0.20508707,0.18506761,1.0,1.0,0.39411783,0.21655752,0.19063155,0.27121213,0.34824902,0.1896582,0.21491846,0.12977244,0.018265441,0.0018363701,0.0030525727,0.0,0.0,0.0,0.0,0.0,0.0,0.0,0.0,0.0,5.0892504e-05,5.4662218e-05,8.544767e-05,0.00031292348,0.016999908,0.0
0.0,0.0,0.0,0.0,0.0,0.0,0.0,0.0,0.0,0.0,0.0,0.0,0.0,0.0,0.0,0.0,0.0,0.0,0.0,0.0,0.0,0.0,0.0,0.0,0.0,0.0,0.0,0.0,0.0,0.0,0.0,0.0,0.0,0.0,0.0,0.0,0.0,0.0,0.0,0.0,0.0,0.0,8.726608e-06,0.0,0.0,0.071696095,0.01892837,0.018666478,0.0,0.020812321,0.10973975,0.09161948,0.1343308,0.37979355,0.24972829,0.1602616,0.10361004,0.11985615,0.07547607,0.08713434,0.20607895,0.14176713,0.018562062,0.06466982,0.09860644,0.05401043,0.2351932,0.2368695,0.16218828,0.17387408,0.11147764,0.018168159,0.04594148,0.047822278,0.002018858,0.0,0.0,0.0,0.0,0.0,0.0,0.0,0.0,0.0,0.0014508426,0.0015016607,0.00022749523,5.0892504e-05,0.0,0.0
0.0,0.0,0.0,0.0,0.0,0.0,0.0,0.0,0.0,0.0,0.0,0.0,0.0,0.0,0.0,0.0,0.0,0.0,0.0,0.0,0.0,0.0,0.0,0.0,0.0,0.0,0.0,0.0,0.0,0.0,0.0,0.0,0.0,0.0,0.0,0.0,0.0,0.0,0.0,0.0,0.0,0.0,0.0,0.0,0.0,0.021555232,0.0016271974,0.0015255711,5.0892504e-05,5.0892504e-05,5.0892504e-05,0.0791124,0.101615936,0.23653802,0.37090132,0.3245348,0.18747327,0.09952711,0.10648867,0.12470294,0.22894664,0.067754105,0.0,5.0892504e-05,2.3945633e-05,0.0,0.13091123,0.045741107,0.03537318,0.10896437,0.033901826,0.0015190882,0.04740117,0.0037547546,0.0014834666,0.0,0.0,0.0,0.0,0.0,0.0,0.0,0.0,0.0,0.0,0.0,0.0,0.0,0.0,0.0
0.0,0.0,0.0,0.0,0.0,0.0,0.0,0.0,0.0,0.0,0.0,0.0,0.0,0.0,0.0,0.0,0.0,0.0,0.0,0.0,0.0,0.0,0.0,0.0,0.0,0.0,0.0,0.0,0.0,0.0,0.0,0.0,0.0,0.0,0.0,0.0,0.0,0.0,0.0,0.0,0.0,0.0,0.0,0.0,0.0,0.0003874404,4.351884e-05,0.0015106099,0.0015633075,0.018483698,0.018433506,0.01845811,0.037750807,0.23168184,0.35071543,0.33985582,0.26222146,0.05094132,0.051245116,0.13326414,0.1408201,0.0001383223,0.0,0.0,0.0,0.0,0.045702666,0.17067876,0.19865131,0.23644327,0.036405344,0.0016027592,0.001790979,0.0020340476,0.0,0.0,0.0,0.0,0.0,0.0,0.0,0.0,0.0,0.0,0.0,0.0,0.0,0.0,0.0,0.0
0.0,0.0,0.0,0.0,0.0,0.0,0.0,0.0,0.0,0.0,0.0,0.0,0.0,0.0,0.0,0.0,0.0,0.0,0.0,0.0,0.0,0.0,5.2777366e-05,7.028048e-05,8.726608e-06,0.0,0.0,5.277736e-05,5.0892504e-05,5.0892504e-05,0.0,0.0,0.0,0.0,0.0,0.0,0.0,0.0,0.0,0.0,0.0,0.0,0.0,0.0,0.0,0.0,8.726608e-06,1.0847161e-05,0.016912362,0.016990578,0.03446703,0.046509814,0.0466564,0.19298469,0.37258726,0.29665208,0.22400671,0.066966765,0.00031292348,0.021309834,0.022913935,0.0016130556,0.0,0.0,0.0,0.0,0.0,0.0,0.18477157,0.12396644,0.018376078,3.267203e-05,0.00026392873,0.0014747528,0.0,0.0,0.0,0.0,0.0,0.0,0.0,0.0,0.0,0.0,0.0,0.0,0.0,0.0,0.0,0.0
0.0,0.0,0.0,0.0,0.0,0.0,0.0,0.0,0.0,0.0,0.0,0.0,0.0,0.0,0.0,0.0,0.0,0.0,0.0,0.0,0.00014506126,8.961716e-05,0.0015998562,0.001993428,0.0021560343,0.0017019127,5.850173e-05,0.0,0.0,5.0892504e-05,0.0,0.0,0.0,0.0,0.0,0.0,0.0,0.0,0.0,0.0,0.0,0.0,0.0,2.3945633e-05,8.356287e-05,5.0892504e-05,0.033571668,8.5498556e-05,0.017025257,0.017065952,0.07857669,0.046499692,0.045715615,0.0793874,0.38257018,0.2276436,0.18682113,0.050082695,0.048935488,0.0036219552,0.052507002,0.046383355,0.0,0.0,0.0,0.0,0.0,0.0,0.0,0.0,0.016949827,3.267203e-05,0.0,0.0,0.0,0.0,0.0,0.0,0.0,0.0,0.0,0.0,0.0,0.0,0.0,0.0,0.0,0.0,0.0,0.0
0.0,0.0,0.0,0.0,0.0,0.0,0.0,0.0,0.0,0.0,0.0,0.0,0.0,0.0,0.0,0.0,0.0,0.0,0.00011239288,0.00026804666,0.0002988255,0.00014506122,0.0006102165,0.0039190217,0.0023251597,0.00011888477,1.8849543e-06,0.04569254,0.00012272403,7.483692e-05,0.0,0.0,0.0,0.0,0.0,0.0,0.0,0.0,0.0,0.0,0.0,0.0,2.3561944e-07,7.483692e-05,8.356287e-05,0.002444692,0.017007345,8.726608e-06,0.00010178242,0.016992386,0.06267949,0.0,0.04709991,0.093635075,0.24938692,0.12621506,0.12076872,0.03366047,0.04743623,0.0033387844,0.021376818,0.0016911176,0.0,0.0,0.0,0.0,0.0,0.0,0.0,0.0,0.0,0.0,0.0,0.0,0.0,0.0,2.3945633e-05,0.0,0.0,0.0,0.0,0.0,1.8849543e-06,0.0,0.0,0.0,0.0,0.0,0.0,0.0
0.0,0.0,0.0,0.0,0.0,0.0,0.0,0.0,0.0,0.0,0.0,0.0,0.0,0.0,0.0,0.0,0.0,1.8849543e-06,0.0003345396,0.00022100403,0.00016027816,0.0032311755,0.005075366,0.0037981714,0.017102595,0.00014966827,7.483692e-05,0.016923336,0.016949827,0.0,0.0,0.0,0.0,0.0,0.0,0.0,0.0,0.0,0.0,0.0,0.0,0.0,0.033514272,0.061866887,0.06191916,0.017023396,0.002526936,0.0014510782,0.00015266975,0.01695169,0.04574295,0.0,0.00018533677,0.017132834,0.13084216,0.13782486,0.10255466,0.03379039,0.004203,0.0022441407,0.04066922,0.0016201219,0.0,0.0,0.0,0.0,0.0,0.0,0.0,0.0,0.0,0.0,0.0,0.0,0.0,0.0,0.00029931415,0.0016874865,5.08938e-08,0.0,0.0,0.0,0.0,0.0014508426,0.0,0.0,0.0,0.0,0.0,0.0
0.0,0.0,0.0,0.0,0.0,0.0,0.0,0.0,0.0,0.0,0.0,0.0,0.0,0.0,0.0,0.0,0.0,0.0016680912,0.0460915,0.00020055311,0.04980628,0.050536,0.0015600745,0.017438505,0.017485563,0.00013144956,2.3945633e-05,0.0,0.0,0.0,0.0,0.0,0.0,0.0,0.0,0.0,0.0,0.0,0.0,0.0,0.0,0.00013445108,0.019390786,0.019332327,0.07776808,0.093363404,0.017130068,0.018736409,0.018501405,0.00014966824,0.0,5.08938e-08,0.00012116941,0.046518084,0.095870055,0.20070739,0.086935855,0.058742277,0.044021875,0.02400783,0.045732588,0.0053874454,0.0,0.0,0.0,0.0,0.0,0.0,0.0,0.0,0.0,0.0,0.0,0.0,1.8849543e-06,0.0,0.00017361033,0.0017113913,0.0015316167,0.0,0.0,0.0,0.0,0.0014508426,0.0,0.0,0.0,0.0,0.0,0.0
0.0,0.0,0.0,0.0,0.0,0.0,0.0,0.0,0.0,0.0,0.0,0.0,0.0,0.0,0.0,5.0892504e-05,5.0892504e-05,0.09456646,0.09194513,0.049552616,0.050487667,0.0001075065,0.017391445,0.017388497,8.0561156e-05,0.0,0.0,0.0,0.0,0.0,0.0,0.0,0.0,0.0,0.0,0.0,0.0,0.0,0.0,2.3561944e-07,0.00026615057,0.017211244,0.018578948,0.0032445444,0.00026321196,0.017286593,0.017449532,0.035087414,0.03377943,0.018474894,0.00012572561,0.045741107,0.04575123,0.046783503,0.079370655,0.15014721,0.06369275,0.08518759,0.040381294,0.018139971,0.042535998,0.02033448,0.0,0.0,0.0,0.0,0.0,0.0,0.0,0.0,0.0,0.0,0.0,0.0,0.0,0.0,2.5830543e-05,5.850173e-05,5.0892504e-05,0.0,0.0,0.0,0.0015141388,0.00038968076,0.0,0.0,0.0,0.0,0.0,0.0
0.0,0.0,0.0,0.0,0.0,0.0,0.0,0.0,0.0,0.0,0.0,0.0,0.0,7.672172e-05,2.3945633e-05,0.046098072,0.046296693,0.09242912,0.054304045,0.0077555957,0.0015687875,0.017447073,0.017388497,5.661688e-05,0.0,0.0,0.0,0.0,0.0,0.0,0.0,0.0,0.0,0.0,5.9618662e-05,8.356287e-05,8.544767e-05,0.0,0.0,0.00012572561,0.0003023151,0.00027837616,0.0016032911,0.033960458,0.03412157,0.01724888,0.00051179726,0.021854624,0.0049706306,0.01842494,0.018498395,0.017072326,0.018623654,0.018521897,0.09467068,0.066082746,0.03421107,0.00034174693,1.8849543e-06,0.0019687135,0.04213295,0.055318963,0.00014966824,0.0,0.0,0.0,0.0,0.0,0.0,0.0,0.0,0.0,0.0,0.0,0.0,0.0,0.01749483,0.03416504,0.0009205251,1.9358479e-06,0.0,0.0,8.726608e-06,0.0,0.0,0.0,0.0,0.0,0.0,0.0
0.0,0.0,0.0,0.0,0.0,0.0,0.0,0.0,0.0,0.0,0.0,0.0,2.3945633e-05,0.004849555,0.0004748146,0.0014508931,0.0019488173,0.001700798,0.058237232,0.003050693,0.045828108,0.017462034,0.00012844798,4.7890695e-05,0.0,0.0,0.0,0.0,0.0,0.0,0.0,0.0,0.0,0.0,0.00010101455,0.00021988728,9.417355e-05,0.0,0.0,0.0,0.00012572561,0.00010178242,0.0008544709,0.034394506,0.03622933,0.036295082,0.017165888,0.033825938,0.019788774,5.2777366e-05,0.0015016607,0.0015274527,0.093331866,0.1347582,0.07918778,0.0032026018,0.035774186,0.00027837616,1.8849543e-06,9.878076e-05,0.03886766,0.018702237,0.0015255703,0.0,0.0,0.0,0.0,0.0,0.0,0.0,0.0,0.0,0.0,0.0,0.0,0.0,0.017067047,0.0015103747,0.016949827,9.228875e-05,0.0,0.0,0.0,0.0,0.0,0.0,0.0,0.0,0.0,0.0
0.0,0.0,0.0,0.0,0.0,0.0,0.0,0.0,0.0,0.0,0.0,0.0,0.018358197,0.03511374,0.00027870623,1.745314e-05,0.21531877,0.004814607,0.092915535,0.00034379686,0.04595533,0.062252335,0.06539552,0.033643425,0.0,0.0,0.0,0.0,0.0,0.0,0.0,5.9618662e-05,5.9618662e-05,5.0892504e-05,5.0943396e-05,5.08938e-08,0.0,0.0022445887,0.0023127804,0.0037095626,0.04654923,0.046597756,0.0008889983,8.356287e-05,0.017814435,0.018727124,0.0011282929,0.023986382,0.043497518,0.021030663,0.017120497,0.093305714,0.094647296,0.0015631227,0.0017903137,0.0022234279,0.017483205,0.0030775587,0.0049764947,0.0050360514,0.0030986723,4.7941583e-05,2.3996525e-05,0.0,0.0,0.0,0.0,0.0,0.0,0.00011623218,0.0,0.0,0.0,0.0,0.0,0.0,0.0,0.0,0.0,0.0,0.0,0.0,0.0,0.0,0.0,0.0,0.0,0.0,0.0,0.0
0.0,0.0,0.0,0.0,0.0,0.0,0.0,0.0,1.8849543e-06,1.8849543e-06,7.483692e-05,0.0015274521,0.019025818,0.05169272,0.020958714,0.03660984,0.16904283,0.16282097,0.11996749,0.025730548,0.0207339,0.0039468347,0.062736645,0.06791568,0.0031101299,0.00097137084,0.0,0.0,0.0,0.0,0.0,0.0,0.0,0.00089848426,0.00075675006,0.00040679565,0.002974199,0.0028995802,0.000110508125,0.0001363358,2.5830534e-05,2.5830534e-05,1.8849543e-06,0.0,0.000100665515,0.0040372484,0.05527784,0.12478916,0.16037202,0.13318908,0.030907955,0.010172437,0.0064623835,0.021680985,0.02172513,0.02129965,0.019456046,0.020349754,0.0416622,0.017033828,0.017392442,2.3561944e-07,0.0,0.0,0.0,0.0,0.00010939126,0.011056724,0.019850152,0.016958414,0.0,0.0,0.0,0.0,0.0,0.0,0.0,0.0,0.0,0.0,0.0,0.0,0.0,0.0,0.0,0.0,0.0,0.0,0.0,0.0
0.0,0.0,0.0,0.0,0.0,0.0,0.0,0.0,0.0015494797,0.0031103645,0.017198954,0.0041281027,5.9618662e-05,0.00482681,0.0097873295,0.04087762,0.019131785,0.009286413,0.019181125,0.025443925,0.07146599,0.005217552,0.106550016,0.13670969,0.069362916,0.027077911,0.017213382,0.022881482,0.0059574046,0.0017625454,0.03965741,0.082085595,0.2577977,0.1980911,0.018474242,0.00076374784,0.0006637435,2.5830534e-05,0.00013333425,0.0,0.0,0.0,0.0,0.0,2.3561944e-07,0.00034393658,0.00029334537,7.907775e-05,0.018909456,0.11899572,0.029375095,0.073498525,0.1323985,0.09644384,0.039451916,0.13974512,0.065006204,0.087917,0.00327973,0.06363022,0.020807723,0.0,0.0,0.0,0.0,0.035962306,0.051307485,0.0050489074,0.035288695,0.03538972,5.0892504e-05,0.0,0.0,0.0,0.0,0.0,0.0,0.0,0.0,0.0,0.0,0.0,0.0,0.0,0.0,0.0,0.0,0.0,0.0,0.0
