case_name,aircon,ventilation,exhaust,1_x,1_y,1_z,1_angle,2_x,2_y,2_z,2_angle,3_x,3_y,3_z,3_angle,4_x,4_y,4_z,4_angle,5_x,5_y,5_z,5_angle,office_size_x,office_size_y,aircon_position_x,aircon_position_y
office1_960_164_aout,960,164,a,4.76,2.18,1.255,180.0,3.285,3.16,1.255,270.0,1.835,3.16,1.255,270.0,1.435,1.241,1.255,90.0,2.885,1.241,1.255,90.0,6.0,5.5,3.0,2.75
office1_0_205_aout,0,205,a,4.76,2.18,1.255,180.0,3.285,3.16,1.255,270.0,1.835,3.16,1.255,270.0,1.435,1.241,1.255,90.0,2.885,1.241,1.255,90.0,6.0,5.5,3.0,2.75
office1_660_41_bout,660,41,b,4.76,2.18,1.255,180.0,3.285,3.16,1.255,270.0,1.835,3.16,1.255,270.0,1.435,1.241,1.255,90.0,2.885,1.241,1.255,90.0,6.0,5.5,3.0,2.75
office1_960_82_bout,960,82,b,4.76,2.18,1.255,180.0,3.285,3.16,1.255,270.0,1.835,3.16,1.255,270.0,1.435,1.241,1.255,90.0,2.885,1.241,1.255,90.0,6.0,5.5,3.0,2.75
office1_960_205_bout,960,205,b,4.76,2.18,1.255,180.0,3.285,3.16,1.255,270.0,1.835,3.16,1.255,270.0,1.435,1.241,1.255,90.0,2.885,1.241,1.255,90.0,6.0,5.5,3.0,2.75
office1_960_246_bout,960,246,b,4.76,2.18,1.255,180.0,3.285,3.16,1.255,270.0,1.835,3.16,1.255,270.0,1.435,1.241,1.255,90.0,2.885,1.241,1.255,90.0,6.0,5.5,3.0,2.75
office1_660_164_bout,660,164,b,4.76,2.18,1.255,180.0,3.285,3.16,1.255,270.0,1.835,3.16,1.255,270.0,1.435,1.241,1.255,90.0,2.885,1.241,1.255,90.0,6.0,5.5,3.0,2.75
office1_960_205_aout,960,205,a,4.76,2.18,1.255,180.0,3.285,3.16,1.255,270.0,1.835,3.16,1.255,270.0,1.435,1.241,1.255,90.0,2.885,1.241,1.255,90.0,6.0,5.5,3.0,2.75
office1_0_123_bout,0,123,b,4.76,2.18,1.255,180.0,3.285,3.16,1.255,270.0,1.835,3.16,1.255,270.0,1.435,1.241,1.255,90.0,2.885,1.241,1.255,90.0,6.0,5.5,3.0,2.75
office1_960_123_aout,960,123,a,4.76,2.18,1.255,180.0,3.285,3.16,1.255,270.0,1.835,3.16,1.255,270.0,1.435,1.241,1.255,90.0,2.885,1.241,1.255,90.0,6.0,5.5,3.0,2.75
office1_0_164_bout,0,164,b,4.76,2.18,1.255,180.0,3.285,3.16,1.255,270.0,1.835,3.16,1.255,270.0,1.435,1.241,1.255,90.0,2.885,1.241,1.255,90.0,6.0,5.5,3.0,2.75
office1_0_82_aout,0,82,a,4.76,2.18,1.255,180.0,3.285,3.16,1.255,270.0,1.835,3.16,1.255,270.0,1.435,1.241,1.255,90.0,2.885,1.241,1.255,90.0,6.0,5.5,3.0,2.75
office1_660_205_bout,660,205,b,4.76,2.18,1.255,180.0,3.285,3.16,1.255,270.0,1.835,3.16,1.255,270.0,1.435,1.241,1.255,90.0,2.885,1.241,1.255,90.0,6.0,5.5,3.0,2.75
office1_0_123_aout,0,123,a,4.76,2.18,1.255,180.0,3.285,3.16,1.255,270.0,1.835,3.16,1.255,270.0,1.435,1.241,1.255,90.0,2.885,1.241,1.255,90.0,6.0,5.5,3.0,2.75
office1_0_41_bout,0,41,b,4.76,2.18,1.255,180.0,3.285,3.16,1.255,270.0,1.835,3.16,1.255,270.0,1.435,1.241,1.255,90.0,2.885,1.241,1.255,90.0,6.0,5.5,3.0,2.75
office1_960_82_aout,960,82,a,4.76,2.18,1.255,180.0,3.285,3.16,1.255,270.0,1.835,3.16,1.255,270.0,1.435,1.241,1.255,90.0,2.885,1.241,1.255,90.0,6.0,5.5,3.0,2.75
office1_0_246_bout,0,246,b,4.76,2.18,1.255,180.0,3.285,3.16,1.255,270.0,1.835,3.16,1.255,270.0,1.435,1.241,1.255,90.0,2.885,1.241,1.255,90.0,6.0,5.5,3.0,2.75
office1_0_0,0,0,off,4.76,2.18,1.255,180.0,3.285,3.16,1.255,270.0,1.835,3.16,1.255,270.0,1.435,1.241,1.255,90.0,2.885,1.241,1.255,90.0,6.0,5.5,3.0,2.75
office1_0_82_bout,0,82,b,4.76,2.18,1.255,180.0,3.285,3.16,1.255,270.0,1.835,3.16,1.255,270.0,1.435,1.241,1.255,90.0,2.885,1.241,1.255,90.0,6.0,5.5,3.0,2.75
office1_660_246_bout,660,246,b,4.76,2.18,1.255,180.0,3.285,3.16,1.255,270.0,1.835,3.16,1.255,270.0,1.435,1.241,1.255,90.0,2.885,1.241,1.255,90.0,6.0,5.5,3.0,2.75
office1_0_246_aout,0,246,a,4.76,2.18,1.255,180.0,3.285,3.16,1.255,270.0,1.835,3.16,1.255,270.0,1.435,1.241,1.255,90.0,2.885,1.241,1.255,90.0,6.0,5.5,3.0,2.75
office1_660_164_aout,660,164,a,4.76,2.18,1.255,180.0,3.285,3.16,1.255,270.0,1.835,3.16,1.255,270.0,1.435,1.241,1.255,90.0,2.885,1.241,1.255,90.0,6.0,5.5,3.0,2.75
office1_0_205_bout,0,205,b,4.76,2.18,1.255,180.0,3.285,3.16,1.255,270.0,1.835,3.16,1.255,270.0,1.435,1.241,1.255,90.0,2.885,1.241,1.255,90.0,6.0,5.5,3.0,2.75
office1_660_123_bout,660,123,b,4.76,2.18,1.255,180.0,3.285,3.16,1.255,270.0,1.835,3.16,1.255,270.0,1.435,1.241,1.255,90.0,2.885,1.241,1.255,90.0,6.0,5.5,3.0,2.75
office1_660_246_aout,660,246,a,4.76,2.18,1.255,180.0,3.285,3.16,1.255,270.0,1.835,3.16,1.255,270.0,1.435,1.241,1.255,90.0,2.885,1.241,1.255,90.0,6.0,5.5,3.0,2.75
office1_960_123_bout,960,123,b,4.76,2.18,1.255,180.0,3.285,3.16,1.255,270.0,1.835,3.16,1.255,270.0,1.435,1.241,1.255,90.0,2.885,1.241,1.255,90.0,6.0,5.5,3.0,2.75
office1_660_82_bout,660,82,b,4.76,2.18,1.255,180.0,3.285,3.16,1.255,270.0,1.835,3.16,1.255,270.0,1.435,1.241,1.255,90.0,2.885,1.241,1.255,90.0,6.0,5.5,3.0,2.75
office1_0_41_aout,0,41,a,4.76,2.18,1.255,180.0,3.285,3.16,1.255,270.0,1.835,3.16,1.255,270.0,1.435,1.241,1.255,90.0,2.885,1.241,1.255,90.0,6.0,5.5,3.0,2.75
office1_960_41_bout,960,41,b,4.76,2.18,1.255,180.0,3.285,3.16,1.255,270.0,1.835,3.16,1.255,270.0,1.435,1.241,1.255,90.0,2.885,1.241,1.255,90.0,6.0,5.5,3.0,2.75
office1_660_41_aout,660,41,a,4.76,2.18,1.255,180.0,3.285,3.16,1.255,270.0,1.835,3.16,1.255,270.0,1.435,1.241,1.255,90.0,2.885,1.241,1.255,90.0,6.0,5.5,3.0,2.75
office1_660_205_aout,660,205,a,4.76,2.18,1.255,180.0,3.285,3.16,1.255,270.0,1.835,3.16,1.255,270.0,1.435,1.241,1.255,90.0,2.885,1.241,1.255,90.0,6.0,5.5,3.0,2.75
office1_960_0,960,0,off,4.76,2.18,1.255,180.0,3.285,3.16,1.255,270.0,1.835,3.16,1.255,270.0,1.435,1.241,1.255,90.0,2.885,1.241,1.255,90.0,6.0,5.5,3.0,2.75
office1_660_123_aout,660,123,a,4.76,2.18,1.255,180.0,3.285,3.16,1.255,270.0,1.835,3.16,1.255,270.0,1.435,1.241,1.255,90.0,2.885,1.241,1.255,90.0,6.0,5.5,3.0,2.75
office1_660_82_aout,660,82,a,4.76,2.18,1.255,180.0,3.285,3.16,1.255,270.0,1.835,3.16,1.255,270.0,1.435,1.241,1.255,90.0,2.885,1.241,1.255,90.0,6.0,5.5,3.0,2.75
office1_0_164_aout,0,164,a,4.76,2.18,1.255,180.0,3.285,3.16,1.255,270.0,1.835,3.16,1.255,270.0,1.435,1.241,1.255,90.0,2.885,1.241,1.255,90.0,6.0,5.5,3.0,2.75
office1_960_246_aout,960,246,a,4.76,2.18,1.255,180.0,3.285,3.16,1.255,270.0,1.835,3.16,1.255,270.0,1.435,1.241,1.255,90.0,2.885,1.241,1.255,90.0,6.0,5.5,3.0,2.75
office1_960_41_aout,960,41,a,4.76,2.18,1.255,180.0,3.285,3.16,1.255,270.0,1.835,3.16,1.255,270.0,1.435,1.241,1.255,90.0,2.885,1.241,1.255,90.0,6.0,5.5,3.0,2.75
office1_960_164_bout,960,164,b,4.76,2.18,1.255,180.0,3.285,3.16,1.255,270.0,1.835,3.16,1.255,270.0,1.435,1.241,1.255,90.0,2.885,1.241,1.255,90.0,6.0,5.5,3.0,2.75
office1_660_0,660,0,off,4.76,2.18,1.255,180.0,3.285,3.16,1.255,270.0,1.835,3.16,1.255,270.0,1.435,1.241,1.255,90.0,2.885,1.241,1.255,90.0,6.0,5.5,3.0,2.75
office10_360_164_bout,360,164,b,1.25,3.02,1.255,0.0,3.125,3.96,1.255,270.0,4.575,3.96,1.255,270.0,4.175,2.04,1.255,90.0,2.725,2.04,1.255,90.0,7.0,6.0,3.5,3.0
office10_660_246_aout,660,246,a,1.25,3.02,1.255,0.0,3.125,3.96,1.255,270.0,4.575,3.96,1.255,270.0,4.175,2.04,1.255,90.0,2.725,2.04,1.255,90.0,7.0,6.0,3.5,3.0
office10_660_82_bout,660,82,b,1.25,3.02,1.255,0.0,3.125,3.96,1.255,270.0,4.575,3.96,1.255,270.0,4.175,2.04,1.255,90.0,2.725,2.04,1.255,90.0,7.0,6.0,3.5,3.0
office10_660_82_aout,660,82,a,1.25,3.02,1.255,0.0,3.125,3.96,1.255,270.0,4.575,3.96,1.255,270.0,4.175,2.04,1.255,90.0,2.725,2.04,1.255,90.0,7.0,6.0,3.5,3.0
office10_660_164_bout,660,164,b,1.25,3.02,1.255,0.0,3.125,3.96,1.255,270.0,4.575,3.96,1.255,270.0,4.175,2.04,1.255,90.0,2.725,2.04,1.255,90.0,7.0,6.0,3.5,3.0
office10_0_164_aout,0,164,a,1.25,3.02,1.255,0.0,3.125,3.96,1.255,270.0,4.575,3.96,1.255,270.0,4.175,2.04,1.255,90.0,2.725,2.04,1.255,90.0,7.0,6.0,3.5,3.0
office10_0_82_aout,0,82,a,1.25,3.02,1.255,0.0,3.125,3.96,1.255,270.0,4.575,3.96,1.255,270.0,4.175,2.04,1.255,90.0,2.725,2.04,1.255,90.0,7.0,6.0,3.5,3.0
office10_660_164_aout,660,164,a,1.25,3.02,1.255,0.0,3.125,3.96,1.255,270.0,4.575,3.96,1.255,270.0,4.175,2.04,1.255,90.0,2.725,2.04,1.255,90.0,7.0,6.0,3.5,3.0
office10_660_246_bout,660,246,b,1.25,3.02,1.255,0.0,3.125,3.96,1.255,270.0,4.575,3.96,1.255,270.0,4.175,2.04,1.255,90.0,2.725,2.04,1.255,90.0,7.0,6.0,3.5,3.0
office10_360_246_bout,360,246,b,1.25,3.02,1.255,0.0,3.125,3.96,1.255,270.0,4.575,3.96,1.255,270.0,4.175,2.04,1.255,90.0,2.725,2.04,1.255,90.0,7.0,6.0,3.5,3.0
office10_960_82_aout,960,82,a,1.25,3.02,1.255,0.0,3.125,3.96,1.255,270.0,4.575,3.96,1.255,270.0,4.175,2.04,1.255,90.0,2.725,2.04,1.255,90.0,7.0,6.0,3.5,3.0
office10_360_82_bout,360,82,b,1.25,3.02,1.255,0.0,3.125,3.96,1.255,270.0,4.575,3.96,1.255,270.0,4.175,2.04,1.255,90.0,2.725,2.04,1.255,90.0,7.0,6.0,3.5,3.0
office10_360_82_aout,360,82,a,1.25,3.02,1.255,0.0,3.125,3.96,1.255,270.0,4.575,3.96,1.255,270.0,4.175,2.04,1.255,90.0,2.725,2.04,1.255,90.0,7.0,6.0,3.5,3.0
office10_0_0,0,0,off,1.25,3.02,1.255,0.0,3.125,3.96,1.255,270.0,4.575,3.96,1.255,270.0,4.175,2.04,1.255,90.0,2.725,2.04,1.255,90.0,7.0,6.0,3.5,3.0
office10_960_164_bout,960,164,b,1.25,3.02,1.255,0.0,3.125,3.96,1.255,270.0,4.575,3.96,1.255,270.0,4.175,2.04,1.255,90.0,2.725,2.04,1.255,90.0,7.0,6.0,3.5,3.0
office10_0_246_aout,0,246,a,1.25,3.02,1.255,0.0,3.125,3.96,1.255,270.0,4.575,3.96,1.255,270.0,4.175,2.04,1.255,90.0,2.725,2.04,1.255,90.0,7.0,6.0,3.5,3.0
office10_360_164_aout,360,164,a,1.25,3.02,1.255,0.0,3.125,3.96,1.255,270.0,4.575,3.96,1.255,270.0,4.175,2.04,1.255,90.0,2.725,2.04,1.255,90.0,7.0,6.0,3.5,3.0
office10_360_0,360,0,off,1.25,3.02,1.255,0.0,3.125,3.96,1.255,270.0,4.575,3.96,1.255,270.0,4.175,2.04,1.255,90.0,2.725,2.04,1.255,90.0,7.0,6.0,3.5,3.0
office10_0_82_bout,0,82,b,1.25,3.02,1.255,0.0,3.125,3.96,1.255,270.0,4.575,3.96,1.255,270.0,4.175,2.04,1.255,90.0,2.725,2.04,1.255,90.0,7.0,6.0,3.5,3.0
office10_960_246_aout,960,246,a,1.25,3.02,1.255,0.0,3.125,3.96,1.255,270.0,4.575,3.96,1.255,270.0,4.175,2.04,1.255,90.0,2.725,2.04,1.255,90.0,7.0,6.0,3.5,3.0
office10_960_164_aout,960,164,a,1.25,3.02,1.255,0.0,3.125,3.96,1.255,270.0,4.575,3.96,1.255,270.0,4.175,2.04,1.255,90.0,2.725,2.04,1.255,90.0,7.0,6.0,3.5,3.0
office10_0_164_bout,0,164,b,1.25,3.02,1.255,0.0,3.125,3.96,1.255,270.0,4.575,3.96,1.255,270.0,4.175,2.04,1.255,90.0,2.725,2.04,1.255,90.0,7.0,6.0,3.5,3.0
office10_0_246_bout,0,246,b,1.25,3.02,1.255,0.0,3.125,3.96,1.255,270.0,4.575,3.96,1.255,270.0,4.175,2.04,1.255,90.0,2.725,2.04,1.255,90.0,7.0,6.0,3.5,3.0
office10_960_82_bout,960,82,b,1.25,3.02,1.255,0.0,3.125,3.96,1.255,270.0,4.575,3.96,1.255,270.0,4.175,2.04,1.255,90.0,2.725,2.04,1.255,90.0,7.0,6.0,3.5,3.0
office10_660_0,660,0,off,1.25,3.02,1.255,0.0,3.125,3.96,1.255,270.0,4.575,3.96,1.255,270.0,4.175,2.04,1.255,90.0,2.725,2.04,1.255,90.0,7.0,6.0,3.5,3.0
office10_360_246_aout,360,246,a,1.25,3.02,1.255,0.0,3.125,3.96,1.255,270.0,4.575,3.96,1.255,270.0,4.175,2.04,1.255,90.0,2.725,2.04,1.255,90.0,7.0,6.0,3.5,3.0
office10_960_0,960,0,off,1.25,3.02,1.255,0.0,3.125,3.96,1.255,270.0,4.575,3.96,1.255,270.0,4.175,2.04,1.255,90.0,2.725,2.04,1.255,90.0,7.0,6.0,3.5,3.0
office10_960_246_bout,960,246,b,1.25,3.02,1.255,0.0,3.125,3.96,1.255,270.0,4.575,3.96,1.255,270.0,4.175,2.04,1.255,90.0,2.725,2.04,1.255,90.0,7.0,6.0,3.5,3.0
office15_360_164_bout,360,164,b,3.166,3.99,1.255,0.0,3.166,2.54,1.255,0.0,1.266,4.69,1.255,0.0,1.266,3.24,1.255,0.0,1.266,1.79,1.255,0.0,7.0,6.0,3.5,3.0
office15_660_246_aout,660,246,a,3.166,3.99,1.255,0.0,3.166,2.54,1.255,0.0,1.266,4.69,1.255,0.0,1.266,3.24,1.255,0.0,1.266,1.79,1.255,0.0,7.0,6.0,3.5,3.0
office15_660_82_bout,660,82,b,3.166,3.99,1.255,0.0,3.166,2.54,1.255,0.0,1.266,4.69,1.255,0.0,1.266,3.24,1.255,0.0,1.266,1.79,1.255,0.0,7.0,6.0,3.5,3.0
office15_660_82_aout,660,82,a,3.166,3.99,1.255,0.0,3.166,2.54,1.255,0.0,1.266,4.69,1.255,0.0,1.266,3.24,1.255,0.0,1.266,1.79,1.255,0.0,7.0,6.0,3.5,3.0
office15_660_164_bout,660,164,b,3.166,3.99,1.255,0.0,3.166,2.54,1.255,0.0,1.266,4.69,1.255,0.0,1.266,3.24,1.255,0.0,1.266,1.79,1.255,0.0,7.0,6.0,3.5,3.0
office15_0_164_aout,0,164,a,3.166,3.99,1.255,0.0,3.166,2.54,1.255,0.0,1.266,4.69,1.255,0.0,1.266,3.24,1.255,0.0,1.266,1.79,1.255,0.0,7.0,6.0,3.5,3.0
office15_0_82_aout,0,82,a,3.166,3.99,1.255,0.0,3.166,2.54,1.255,0.0,1.266,4.69,1.255,0.0,1.266,3.24,1.255,0.0,1.266,1.79,1.255,0.0,7.0,6.0,3.5,3.0
office15_660_164_aout,660,164,a,3.166,3.99,1.255,0.0,3.166,2.54,1.255,0.0,1.266,4.69,1.255,0.0,1.266,3.24,1.255,0.0,1.266,1.79,1.255,0.0,7.0,6.0,3.5,3.0
office15_660_246_bout,660,246,b,3.166,3.99,1.255,0.0,3.166,2.54,1.255,0.0,1.266,4.69,1.255,0.0,1.266,3.24,1.255,0.0,1.266,1.79,1.255,0.0,7.0,6.0,3.5,3.0
office15_360_246_bout,360,246,b,3.166,3.99,1.255,0.0,3.166,2.54,1.255,0.0,1.266,4.69,1.255,0.0,1.266,3.24,1.255,0.0,1.266,1.79,1.255,0.0,7.0,6.0,3.5,3.0
office15_960_82_aout,960,82,a,3.166,3.99,1.255,0.0,3.166,2.54,1.255,0.0,1.266,4.69,1.255,0.0,1.266,3.24,1.255,0.0,1.266,1.79,1.255,0.0,7.0,6.0,3.5,3.0
office15_360_82_bout,360,82,b,3.166,3.99,1.255,0.0,3.166,2.54,1.255,0.0,1.266,4.69,1.255,0.0,1.266,3.24,1.255,0.0,1.266,1.79,1.255,0.0,7.0,6.0,3.5,3.0
office15_360_82_aout,360,82,a,3.166,3.99,1.255,0.0,3.166,2.54,1.255,0.0,1.266,4.69,1.255,0.0,1.266,3.24,1.255,0.0,1.266,1.79,1.255,0.0,7.0,6.0,3.5,3.0
office15_0_0,0,0,off,3.166,3.99,1.255,0.0,3.166,2.54,1.255,0.0,1.266,4.69,1.255,0.0,1.266,3.24,1.255,0.0,1.266,1.79,1.255,0.0,7.0,6.0,3.5,3.0
office15_960_164_bout,960,164,b,3.166,3.99,1.255,0.0,3.166,2.54,1.255,0.0,1.266,4.69,1.255,0.0,1.266,3.24,1.255,0.0,1.266,1.79,1.255,0.0,7.0,6.0,3.5,3.0
office15_0_246_aout,0,246,a,3.166,3.99,1.255,0.0,3.166,2.54,1.255,0.0,1.266,4.69,1.255,0.0,1.266,3.24,1.255,0.0,1.266,1.79,1.255,0.0,7.0,6.0,3.5,3.0
office15_360_164_aout,360,164,a,3.166,3.99,1.255,0.0,3.166,2.54,1.255,0.0,1.266,4.69,1.255,0.0,1.266,3.24,1.255,0.0,1.266,1.79,1.255,0.0,7.0,6.0,3.5,3.0
office15_360_0,360,0,off,3.166,3.99,1.255,0.0,3.166,2.54,1.255,0.0,1.266,4.69,1.255,0.0,1.266,3.24,1.255,0.0,1.266,1.79,1.255,0.0,7.0,6.0,3.5,3.0
office15_0_82_bout,0,82,b,3.166,3.99,1.255,0.0,3.166,2.54,1.255,0.0,1.266,4.69,1.255,0.0,1.266,3.24,1.255,0.0,1.266,1.79,1.255,0.0,7.0,6.0,3.5,3.0
office15_960_246_aout,960,246,a,3.166,3.99,1.255,0.0,3.166,2.54,1.255,0.0,1.266,4.69,1.255,0.0,1.266,3.24,1.255,0.0,1.266,1.79,1.255,0.0,7.0,6.0,3.5,3.0
office15_960_164_aout,960,164,a,3.166,3.99,1.255,0.0,3.166,2.54,1.255,0.0,1.266,4.69,1.255,0.0,1.266,3.24,1.255,0.0,1.266,1.79,1.255,0.0,7.0,6.0,3.5,3.0
office15_0_164_bout,0,164,b,3.166,3.99,1.255,0.0,3.166,2.54,1.255,0.0,1.266,4.69,1.255,0.0,1.266,3.24,1.255,0.0,1.266,1.79,1.255,0.0,7.0,6.0,3.5,3.0
office15_0_246_bout,0,246,b,3.166,3.99,1.255,0.0,3.166,2.54,1.255,0.0,1.266,4.69,1.255,0.0,1.266,3.24,1.255,0.0,1.266,1.79,1.255,0.0,7.0,6.0,3.5,3.0
office15_960_82_bout,960,82,b,3.166,3.99,1.255,0.0,3.166,2.54,1.255,0.0,1.266,4.69,1.255,0.0,1.266,3.24,1.255,0.0,1.266,1.79,1.255,0.0,7.0,6.0,3.5,3.0
office15_660_0,660,0,off,3.166,3.99,1.255,0.0,3.166,2.54,1.255,0.0,1.266,4.69,1.255,0.0,1.266,3.24,1.255,0.0,1.266,1.79,1.255,0.0,7.0,6.0,3.5,3.0
office15_360_246_aout,360,246,a,3.166,3.99,1.255,0.0,3.166,2.54,1.255,0.0,1.266,4.69,1.255,0.0,1.266,3.24,1.255,0.0,1.266,1.79,1.255,0.0,7.0,6.0,3.5,3.0
office15_960_0,960,0,off,3.166,3.99,1.255,0.0,3.166,2.54,1.255,0.0,1.266,4.69,1.255,0.0,1.266,3.24,1.255,0.0,1.266,1.79,1.255,0.0,7.0,6.0,3.5,3.0
office15_960_246_bout,960,246,b,3.166,3.99,1.255,0.0,3.166,2.54,1.255,0.0,1.266,4.69,1.255,0.0,1.266,3.24,1.255,0.0,1.266,1.79,1.255,0.0,7.0,6.0,3.5,3.0
office16_360_164_bout,360,164,b,7.735,2.505,1.255,180.0,6.26,3.485,1.255,270.0,4.81,3.485,1.255,270.0,5.86,1.566,1.255,90.0,4.41,1.566,1.255,90.0,9.0,5.0,4.5,2.5
office16_660_246_aout,660,246,a,7.735,2.505,1.255,180.0,6.26,3.485,1.255,270.0,4.81,3.485,1.255,270.0,5.86,1.566,1.255,90.0,4.41,1.566,1.255,90.0,9.0,5.0,4.5,2.5
office16_660_82_bout,660,82,b,7.735,2.505,1.255,180.0,6.26,3.485,1.255,270.0,4.81,3.485,1.255,270.0,5.86,1.566,1.255,90.0,4.41,1.566,1.255,90.0,9.0,5.0,4.5,2.5
office16_660_82_aout,660,82,a,7.735,2.505,1.255,180.0,6.26,3.485,1.255,270.0,4.81,3.485,1.255,270.0,5.86,1.566,1.255,90.0,4.41,1.566,1.255,90.0,9.0,5.0,4.5,2.5
office16_660_164_bout,660,164,b,7.735,2.505,1.255,180.0,6.26,3.485,1.255,270.0,4.81,3.485,1.255,270.0,5.86,1.566,1.255,90.0,4.41,1.566,1.255,90.0,9.0,5.0,4.5,2.5
office16_0_164_aout,0,164,a,7.735,2.505,1.255,180.0,6.26,3.485,1.255,270.0,4.81,3.485,1.255,270.0,5.86,1.566,1.255,90.0,4.41,1.566,1.255,90.0,9.0,5.0,4.5,2.5
office16_0_82_aout,0,82,a,7.735,2.505,1.255,180.0,6.26,3.485,1.255,270.0,4.81,3.485,1.255,270.0,5.86,1.566,1.255,90.0,4.41,1.566,1.255,90.0,9.0,5.0,4.5,2.5
office16_660_164_aout,660,164,a,7.735,2.505,1.255,180.0,6.26,3.485,1.255,270.0,4.81,3.485,1.255,270.0,5.86,1.566,1.255,90.0,4.41,1.566,1.255,90.0,9.0,5.0,4.5,2.5
office16_660_246_bout,660,246,b,7.735,2.505,1.255,180.0,6.26,3.485,1.255,270.0,4.81,3.485,1.255,270.0,5.86,1.566,1.255,90.0,4.41,1.566,1.255,90.0,9.0,5.0,4.5,2.5
office16_360_246_bout,360,246,b,7.735,2.505,1.255,180.0,6.26,3.485,1.255,270.0,4.81,3.485,1.255,270.0,5.86,1.566,1.255,90.0,4.41,1.566,1.255,90.0,9.0,5.0,4.5,2.5
office16_960_82_aout,960,82,a,7.735,2.505,1.255,180.0,6.26,3.485,1.255,270.0,4.81,3.485,1.255,270.0,5.86,1.566,1.255,90.0,4.41,1.566,1.255,90.0,9.0,5.0,4.5,2.5
office16_360_82_bout,360,82,b,7.735,2.505,1.255,180.0,6.26,3.485,1.255,270.0,4.81,3.485,1.255,270.0,5.86,1.566,1.255,90.0,4.41,1.566,1.255,90.0,9.0,5.0,4.5,2.5
office16_360_82_aout,360,82,a,7.735,2.505,1.255,180.0,6.26,3.485,1.255,270.0,4.81,3.485,1.255,270.0,5.86,1.566,1.255,90.0,4.41,1.566,1.255,90.0,9.0,5.0,4.5,2.5
office16_0_0,0,0,off,7.735,2.505,1.255,180.0,6.26,3.485,1.255,270.0,4.81,3.485,1.255,270.0,5.86,1.566,1.255,90.0,4.41,1.566,1.255,90.0,9.0,5.0,4.5,2.5
office16_960_164_bout,960,164,b,7.735,2.505,1.255,180.0,6.26,3.485,1.255,270.0,4.81,3.485,1.255,270.0,5.86,1.566,1.255,90.0,4.41,1.566,1.255,90.0,9.0,5.0,4.5,2.5
office16_0_246_aout,0,246,a,7.735,2.505,1.255,180.0,6.26,3.485,1.255,270.0,4.81,3.485,1.255,270.0,5.86,1.566,1.255,90.0,4.41,1.566,1.255,90.0,9.0,5.0,4.5,2.5
office16_360_164_aout,360,164,a,7.735,2.505,1.255,180.0,6.26,3.485,1.255,270.0,4.81,3.485,1.255,270.0,5.86,1.566,1.255,90.0,4.41,1.566,1.255,90.0,9.0,5.0,4.5,2.5
office16_360_0,360,0,off,7.735,2.505,1.255,180.0,6.26,3.485,1.255,270.0,4.81,3.485,1.255,270.0,5.86,1.566,1.255,90.0,4.41,1.566,1.255,90.0,9.0,5.0,4.5,2.5
office16_0_82_bout,0,82,b,7.735,2.505,1.255,180.0,6.26,3.485,1.255,270.0,4.81,3.485,1.255,270.0,5.86,1.566,1.255,90.0,4.41,1.566,1.255,90.0,9.0,5.0,4.5,2.5
office16_960_246_aout,960,246,a,7.735,2.505,1.255,180.0,6.26,3.485,1.255,270.0,4.81,3.485,1.255,270.0,5.86,1.566,1.255,90.0,4.41,1.566,1.255,90.0,9.0,5.0,4.5,2.5
office16_960_164_aout,960,164,a,7.735,2.505,1.255,180.0,6.26,3.485,1.255,270.0,4.81,3.485,1.255,270.0,5.86,1.566,1.255,90.0,4.41,1.566,1.255,90.0,9.0,5.0,4.5,2.5
office16_0_164_bout,0,164,b,7.735,2.505,1.255,180.0,6.26,3.485,1.255,270.0,4.81,3.485,1.255,270.0,5.86,1.566,1.255,90.0,4.41,1.566,1.255,90.0,9.0,5.0,4.5,2.5
office16_0_246_bout,0,246,b,7.735,2.505,1.255,180.0,6.26,3.485,1.255,270.0,4.81,3.485,1.255,270.0,5.86,1.566,1.255,90.0,4.41,1.566,1.255,90.0,9.0,5.0,4.5,2.5
office16_960_82_bout,960,82,b,7.735,2.505,1.255,180.0,6.26,3.485,1.255,270.0,4.81,3.485,1.255,270.0,5.86,1.566,1.255,90.0,4.41,1.566,1.255,90.0,9.0,5.0,4.5,2.5
office16_660_0,660,0,off,7.735,2.505,1.255,180.0,6.26,3.485,1.255,270.0,4.81,3.485,1.255,270.0,5.86,1.566,1.255,90.0,4.41,1.566,1.255,90.0,9.0,5.0,4.5,2.5
office16_360_246_aout,360,246,a,7.735,2.505,1.255,180.0,6.26,3.485,1.255,270.0,4.81,3.485,1.255,270.0,5.86,1.566,1.255,90.0,4.41,1.566,1.255,90.0,9.0,5.0,4.5,2.5
office16_960_0,960,0,off,7.735,2.505,1.255,180.0,6.26,3.485,1.255,270.0,4.81,3.485,1.255,270.0,5.86,1.566,1.255,90.0,4.41,1.566,1.255,90.0,9.0,5.0,4.5,2.5
office16_960_246_bout,960,246,b,7.735,2.505,1.255,180.0,6.26,3.485,1.255,270.0,4.81,3.485,1.255,270.0,5.86,1.566,1.255,90.0,4.41,1.566,1.255,90.0,9.0,5.0,4.5,2.5
office2_960_164_aout,960,164,a,3.78,1.265,1.255,90.0,4.76,2.74,1.255,180.0,4.76,4.19,1.255,180.0,2.84,4.59,1.255,0.0,2.84,3.14,1.255,0.0,6.0,5.5,3.0,2.75
office2_960_82_bout,960,82,b,3.78,1.265,1.255,90.0,4.76,2.74,1.255,180.0,4.76,4.19,1.255,180.0,2.84,4.59,1.255,0.0,2.84,3.14,1.255,0.0,6.0,5.5,3.0,2.75
office2_960_246_bout,960,246,b,3.78,1.265,1.255,90.0,4.76,2.74,1.255,180.0,4.76,4.19,1.255,180.0,2.84,4.59,1.255,0.0,2.84,3.14,1.255,0.0,6.0,5.5,3.0,2.75
office2_660_164_bout,660,164,b,3.78,1.265,1.255,90.0,4.76,2.74,1.255,180.0,4.76,4.19,1.255,180.0,2.84,4.59,1.255,0.0,2.84,3.14,1.255,0.0,6.0,5.5,3.0,2.75
office2_0_164_bout,0,164,b,3.78,1.265,1.255,90.0,4.76,2.74,1.255,180.0,4.76,4.19,1.255,180.0,2.84,4.59,1.255,0.0,2.84,3.14,1.255,0.0,6.0,5.5,3.0,2.75
office2_0_82_aout,0,82,a,3.78,1.265,1.255,90.0,4.76,2.74,1.255,180.0,4.76,4.19,1.255,180.0,2.84,4.59,1.255,0.0,2.84,3.14,1.255,0.0,6.0,5.5,3.0,2.75
office2_960_82_aout,960,82,a,3.78,1.265,1.255,90.0,4.76,2.74,1.255,180.0,4.76,4.19,1.255,180.0,2.84,4.59,1.255,0.0,2.84,3.14,1.255,0.0,6.0,5.5,3.0,2.75
office2_0_246_bout,0,246,b,3.78,1.265,1.255,90.0,4.76,2.74,1.255,180.0,4.76,4.19,1.255,180.0,2.84,4.59,1.255,0.0,2.84,3.14,1.255,0.0,6.0,5.5,3.0,2.75
office2_0_0,0,0,off,3.78,1.265,1.255,90.0,4.76,2.74,1.255,180.0,4.76,4.19,1.255,180.0,2.84,4.59,1.255,0.0,2.84,3.14,1.255,0.0,6.0,5.5,3.0,2.75
office2_0_82_bout,0,82,b,3.78,1.265,1.255,90.0,4.76,2.74,1.255,180.0,4.76,4.19,1.255,180.0,2.84,4.59,1.255,0.0,2.84,3.14,1.255,0.0,6.0,5.5,3.0,2.75
office2_660_246_bout,660,246,b,3.78,1.265,1.255,90.0,4.76,2.74,1.255,180.0,4.76,4.19,1.255,180.0,2.84,4.59,1.255,0.0,2.84,3.14,1.255,0.0,6.0,5.5,3.0,2.75
office2_0_246_aout,0,246,a,3.78,1.265,1.255,90.0,4.76,2.74,1.255,180.0,4.76,4.19,1.255,180.0,2.84,4.59,1.255,0.0,2.84,3.14,1.255,0.0,6.0,5.5,3.0,2.75
office2_660_164_aout,660,164,a,3.78,1.265,1.255,90.0,4.76,2.74,1.255,180.0,4.76,4.19,1.255,180.0,2.84,4.59,1.255,0.0,2.84,3.14,1.255,0.0,6.0,5.5,3.0,2.75
office2_360_82_aout,360,82,a,3.78,1.265,1.255,90.0,4.76,2.74,1.255,180.0,4.76,4.19,1.255,180.0,2.84,4.59,1.255,0.0,2.84,3.14,1.255,0.0,6.0,5.5,3.0,2.75
office2_660_246_aout,660,246,a,3.78,1.265,1.255,90.0,4.76,2.74,1.255,180.0,4.76,4.19,1.255,180.0,2.84,4.59,1.255,0.0,2.84,3.14,1.255,0.0,6.0,5.5,3.0,2.75
office2_660_82_bout,660,82,b,3.78,1.265,1.255,90.0,4.76,2.74,1.255,180.0,4.76,4.19,1.255,180.0,2.84,4.59,1.255,0.0,2.84,3.14,1.255,0.0,6.0,5.5,3.0,2.75
office2_360_164_aout,360,164,a,3.78,1.265,1.255,90.0,4.76,2.74,1.255,180.0,4.76,4.19,1.255,180.0,2.84,4.59,1.255,0.0,2.84,3.14,1.255,0.0,6.0,5.5,3.0,2.75
office2_360_0,360,0,off,3.78,1.265,1.255,90.0,4.76,2.74,1.255,180.0,4.76,4.19,1.255,180.0,2.84,4.59,1.255,0.0,2.84,3.14,1.255,0.0,6.0,5.5,3.0,2.75
office2_960_0,960,0,off,3.78,1.265,1.255,90.0,4.76,2.74,1.255,180.0,4.76,4.19,1.255,180.0,2.84,4.59,1.255,0.0,2.84,3.14,1.255,0.0,6.0,5.5,3.0,2.75
office2_660_82_aout,660,82,a,3.78,1.265,1.255,90.0,4.76,2.74,1.255,180.0,4.76,4.19,1.255,180.0,2.84,4.59,1.255,0.0,2.84,3.14,1.255,0.0,6.0,5.5,3.0,2.75
office2_0_164_aout,0,164,a,3.78,1.265,1.255,90.0,4.76,2.74,1.255,180.0,4.76,4.19,1.255,180.0,2.84,4.59,1.255,0.0,2.84,3.14,1.255,0.0,6.0,5.5,3.0,2.75
office2_360_246_bout,360,246,b,3.78,1.265,1.255,90.0,4.76,2.74,1.255,180.0,4.76,4.19,1.255,180.0,2.84,4.59,1.255,0.0,2.84,3.14,1.255,0.0,6.0,5.5,3.0,2.75
office2_960_246_aout,960,246,a,3.78,1.265,1.255,90.0,4.76,2.74,1.255,180.0,4.76,4.19,1.255,180.0,2.84,4.59,1.255,0.0,2.84,3.14,1.255,0.0,6.0,5.5,3.0,2.75
office2_960_164_bout,960,164,b,3.78,1.265,1.255,90.0,4.76,2.74,1.255,180.0,4.76,4.19,1.255,180.0,2.84,4.59,1.255,0.0,2.84,3.14,1.255,0.0,6.0,5.5,3.0,2.75
office2_360_246_aout,360,246,a,3.78,1.265,1.255,90.0,4.76,2.74,1.255,180.0,4.76,4.19,1.255,180.0,2.84,4.59,1.255,0.0,2.84,3.14,1.255,0.0,6.0,5.5,3.0,2.75
office2_360_164_bout,360,164,b,3.78,1.265,1.255,90.0,4.76,2.74,1.255,180.0,4.76,4.19,1.255,180.0,2.84,4.59,1.255,0.0,2.84,3.14,1.255,0.0,6.0,5.5,3.0,2.75
office2_660_0,660,0,off,3.78,1.265,1.255,90.0,4.76,2.74,1.255,180.0,4.76,4.19,1.255,180.0,2.84,4.59,1.255,0.0,2.84,3.14,1.255,0.0,6.0,5.5,3.0,2.75
office2_360_82_bout,360,82,b,3.78,1.265,1.255,90.0,4.76,2.74,1.255,180.0,4.76,4.19,1.255,180.0,2.84,4.59,1.255,0.0,2.84,3.14,1.255,0.0,6.0,5.5,3.0,2.75
office22_360_164_bout,360,164,b,3.57,4.235,1.255,270.0,5.02,4.235,1.255,270.0,2.73,2.315,1.255,90.0,4.18,2.315,1.255,90.0,5.63,2.315,1.255,90.0,8.5,6.5,4.25,3.25
office22_660_246_aout,660,246,a,3.57,4.235,1.255,270.0,5.02,4.235,1.255,270.0,2.73,2.315,1.255,90.0,4.18,2.315,1.255,90.0,5.63,2.315,1.255,90.0,8.5,6.5,4.25,3.25
office22_660_82_bout,660,82,b,3.57,4.235,1.255,270.0,5.02,4.235,1.255,270.0,2.73,2.315,1.255,90.0,4.18,2.315,1.255,90.0,5.63,2.315,1.255,90.0,8.5,6.5,4.25,3.25
office22_660_82_aout,660,82,a,3.57,4.235,1.255,270.0,5.02,4.235,1.255,270.0,2.73,2.315,1.255,90.0,4.18,2.315,1.255,90.0,5.63,2.315,1.255,90.0,8.5,6.5,4.25,3.25
office22_660_164_bout,660,164,b,3.57,4.235,1.255,270.0,5.02,4.235,1.255,270.0,2.73,2.315,1.255,90.0,4.18,2.315,1.255,90.0,5.63,2.315,1.255,90.0,8.5,6.5,4.25,3.25
office22_0_164_aout,0,164,a,3.57,4.235,1.255,270.0,5.02,4.235,1.255,270.0,2.73,2.315,1.255,90.0,4.18,2.315,1.255,90.0,5.63,2.315,1.255,90.0,8.5,6.5,4.25,3.25
office22_0_82_aout,0,82,a,3.57,4.235,1.255,270.0,5.02,4.235,1.255,270.0,2.73,2.315,1.255,90.0,4.18,2.315,1.255,90.0,5.63,2.315,1.255,90.0,8.5,6.5,4.25,3.25
office22_660_164_aout,660,164,a,3.57,4.235,1.255,270.0,5.02,4.235,1.255,270.0,2.73,2.315,1.255,90.0,4.18,2.315,1.255,90.0,5.63,2.315,1.255,90.0,8.5,6.5,4.25,3.25
office22_660_246_bout,660,246,b,3.57,4.235,1.255,270.0,5.02,4.235,1.255,270.0,2.73,2.315,1.255,90.0,4.18,2.315,1.255,90.0,5.63,2.315,1.255,90.0,8.5,6.5,4.25,3.25
office22_360_246_bout,360,246,b,3.57,4.235,1.255,270.0,5.02,4.235,1.255,270.0,2.73,2.315,1.255,90.0,4.18,2.315,1.255,90.0,5.63,2.315,1.255,90.0,8.5,6.5,4.25,3.25
office22_960_82_aout,960,82,a,3.57,4.235,1.255,270.0,5.02,4.235,1.255,270.0,2.73,2.315,1.255,90.0,4.18,2.315,1.255,90.0,5.63,2.315,1.255,90.0,8.5,6.5,4.25,3.25
office22_360_82_bout,360,82,b,3.57,4.235,1.255,270.0,5.02,4.235,1.255,270.0,2.73,2.315,1.255,90.0,4.18,2.315,1.255,90.0,5.63,2.315,1.255,90.0,8.5,6.5,4.25,3.25
office22_360_82_aout,360,82,a,3.57,4.235,1.255,270.0,5.02,4.235,1.255,270.0,2.73,2.315,1.255,90.0,4.18,2.315,1.255,90.0,5.63,2.315,1.255,90.0,8.5,6.5,4.25,3.25
office22_0_0,0,0,off,3.57,4.235,1.255,270.0,5.02,4.235,1.255,270.0,2.73,2.315,1.255,90.0,4.18,2.315,1.255,90.0,5.63,2.315,1.255,90.0,8.5,6.5,4.25,3.25
office22_960_164_bout,960,164,b,3.57,4.235,1.255,270.0,5.02,4.235,1.255,270.0,2.73,2.315,1.255,90.0,4.18,2.315,1.255,90.0,5.63,2.315,1.255,90.0,8.5,6.5,4.25,3.25
office22_0_246_aout,0,246,a,3.57,4.235,1.255,270.0,5.02,4.235,1.255,270.0,2.73,2.315,1.255,90.0,4.18,2.315,1.255,90.0,5.63,2.315,1.255,90.0,8.5,6.5,4.25,3.25
office22_360_164_aout,360,164,a,3.57,4.235,1.255,270.0,5.02,4.235,1.255,270.0,2.73,2.315,1.255,90.0,4.18,2.315,1.255,90.0,5.63,2.315,1.255,90.0,8.5,6.5,4.25,3.25
office22_360_0,360,0,off,3.57,4.235,1.255,270.0,5.02,4.235,1.255,270.0,2.73,2.315,1.255,90.0,4.18,2.315,1.255,90.0,5.63,2.315,1.255,90.0,8.5,6.5,4.25,3.25
office22_0_82_bout,0,82,b,3.57,4.235,1.255,270.0,5.02,4.235,1.255,270.0,2.73,2.315,1.255,90.0,4.18,2.315,1.255,90.0,5.63,2.315,1.255,90.0,8.5,6.5,4.25,3.25
office22_960_246_aout,960,246,a,3.57,4.235,1.255,270.0,5.02,4.235,1.255,270.0,2.73,2.315,1.255,90.0,4.18,2.315,1.255,90.0,5.63,2.315,1.255,90.0,8.5,6.5,4.25,3.25
office22_960_164_aout,960,164,a,3.57,4.235,1.255,270.0,5.02,4.235,1.255,270.0,2.73,2.315,1.255,90.0,4.18,2.315,1.255,90.0,5.63,2.315,1.255,90.0,8.5,6.5,4.25,3.25
office22_0_164_bout,0,164,b,3.57,4.235,1.255,270.0,5.02,4.235,1.255,270.0,2.73,2.315,1.255,90.0,4.18,2.315,1.255,90.0,5.63,2.315,1.255,90.0,8.5,6.5,4.25,3.25
office22_0_246_bout,0,246,b,3.57,4.235,1.255,270.0,5.02,4.235,1.255,270.0,2.73,2.315,1.255,90.0,4.18,2.315,1.255,90.0,5.63,2.315,1.255,90.0,8.5,6.5,4.25,3.25
office22_960_82_bout,960,82,b,3.57,4.235,1.255,270.0,5.02,4.235,1.255,270.0,2.73,2.315,1.255,90.0,4.18,2.315,1.255,90.0,5.63,2.315,1.255,90.0,8.5,6.5,4.25,3.25
office22_660_0,660,0,off,3.57,4.235,1.255,270.0,5.02,4.235,1.255,270.0,2.73,2.315,1.255,90.0,4.18,2.315,1.255,90.0,5.63,2.315,1.255,90.0,8.5,6.5,4.25,3.25
office22_360_246_aout,360,246,a,3.57,4.235,1.255,270.0,5.02,4.235,1.255,270.0,2.73,2.315,1.255,90.0,4.18,2.315,1.255,90.0,5.63,2.315,1.255,90.0,8.5,6.5,4.25,3.25
office22_960_0,960,0,off,3.57,4.235,1.255,270.0,5.02,4.235,1.255,270.0,2.73,2.315,1.255,90.0,4.18,2.315,1.255,90.0,5.63,2.315,1.255,90.0,8.5,6.5,4.25,3.25
office22_960_246_bout,960,246,b,3.57,4.235,1.255,270.0,5.02,4.235,1.255,270.0,2.73,2.315,1.255,90.0,4.18,2.315,1.255,90.0,5.63,2.315,1.255,90.0,8.5,6.5,4.25,3.25
office28_360_164_bout,360,164,b,1.265,3.82,1.255,0.0,2.93,2.84,1.255,90.0,4.38,2.84,1.255,90.0,4.42,4.76,1.255,270.0,2.97,4.76,1.255,270.0,9.5,6.0,4.75,3.0
office28_660_246_aout,660,246,a,1.265,3.82,1.255,0.0,2.93,2.84,1.255,90.0,4.38,2.84,1.255,90.0,4.42,4.76,1.255,270.0,2.97,4.76,1.255,270.0,9.5,6.0,4.75,3.0
office28_660_82_bout,660,82,b,1.265,3.82,1.255,0.0,2.93,2.84,1.255,90.0,4.38,2.84,1.255,90.0,4.42,4.76,1.255,270.0,2.97,4.76,1.255,270.0,9.5,6.0,4.75,3.0
office28_660_82_aout,660,82,a,1.265,3.82,1.255,0.0,2.93,2.84,1.255,90.0,4.38,2.84,1.255,90.0,4.42,4.76,1.255,270.0,2.97,4.76,1.255,270.0,9.5,6.0,4.75,3.0
office28_660_164_bout,660,164,b,1.265,3.82,1.255,0.0,2.93,2.84,1.255,90.0,4.38,2.84,1.255,90.0,4.42,4.76,1.255,270.0,2.97,4.76,1.255,270.0,9.5,6.0,4.75,3.0
office28_0_164_aout,0,164,a,1.265,3.82,1.255,0.0,2.93,2.84,1.255,90.0,4.38,2.84,1.255,90.0,4.42,4.76,1.255,270.0,2.97,4.76,1.255,270.0,9.5,6.0,4.75,3.0
office28_0_82_aout,0,82,a,1.265,3.82,1.255,0.0,2.93,2.84,1.255,90.0,4.38,2.84,1.255,90.0,4.42,4.76,1.255,270.0,2.97,4.76,1.255,270.0,9.5,6.0,4.75,3.0
office28_660_164_aout,660,164,a,1.265,3.82,1.255,0.0,2.93,2.84,1.255,90.0,4.38,2.84,1.255,90.0,4.42,4.76,1.255,270.0,2.97,4.76,1.255,270.0,9.5,6.0,4.75,3.0
office28_660_246_bout,660,246,b,1.265,3.82,1.255,0.0,2.93,2.84,1.255,90.0,4.38,2.84,1.255,90.0,4.42,4.76,1.255,270.0,2.97,4.76,1.255,270.0,9.5,6.0,4.75,3.0
office28_360_246_bout,360,246,b,1.265,3.82,1.255,0.0,2.93,2.84,1.255,90.0,4.38,2.84,1.255,90.0,4.42,4.76,1.255,270.0,2.97,4.76,1.255,270.0,9.5,6.0,4.75,3.0
office28_960_82_aout,960,82,a,1.265,3.82,1.255,0.0,2.93,2.84,1.255,90.0,4.38,2.84,1.255,90.0,4.42,4.76,1.255,270.0,2.97,4.76,1.255,270.0,9.5,6.0,4.75,3.0
office28_360_82_bout,360,82,b,1.265,3.82,1.255,0.0,2.93,2.84,1.255,90.0,4.38,2.84,1.255,90.0,4.42,4.76,1.255,270.0,2.97,4.76,1.255,270.0,9.5,6.0,4.75,3.0
office28_360_82_aout,360,82,a,1.265,3.82,1.255,0.0,2.93,2.84,1.255,90.0,4.38,2.84,1.255,90.0,4.42,4.76,1.255,270.0,2.97,4.76,1.255,270.0,9.5,6.0,4.75,3.0
office28_0_0,0,0,off,1.265,3.82,1.255,0.0,2.93,2.84,1.255,90.0,4.38,2.84,1.255,90.0,4.42,4.76,1.255,270.0,2.97,4.76,1.255,270.0,9.5,6.0,4.75,3.0
office28_960_164_bout,960,164,b,1.265,3.82,1.255,0.0,2.93,2.84,1.255,90.0,4.38,2.84,1.255,90.0,4.42,4.76,1.255,270.0,2.97,4.76,1.255,270.0,9.5,6.0,4.75,3.0
office28_0_246_aout,0,246,a,1.265,3.82,1.255,0.0,2.93,2.84,1.255,90.0,4.38,2.84,1.255,90.0,4.42,4.76,1.255,270.0,2.97,4.76,1.255,270.0,9.5,6.0,4.75,3.0
office28_360_164_aout,360,164,a,1.265,3.82,1.255,0.0,2.93,2.84,1.255,90.0,4.38,2.84,1.255,90.0,4.42,4.76,1.255,270.0,2.97,4.76,1.255,270.0,9.5,6.0,4.75,3.0
office28_360_0,360,0,off,1.265,3.82,1.255,0.0,2.93,2.84,1.255,90.0,4.38,2.84,1.255,90.0,4.42,4.76,1.255,270.0,2.97,4.76,1.255,270.0,9.5,6.0,4.75,3.0
office28_0_82_bout,0,82,b,1.265,3.82,1.255,0.0,2.93,2.84,1.255,90.0,4.38,2.84,1.255,90.0,4.42,4.76,1.255,270.0,2.97,4.76,1.255,270.0,9.5,6.0,4.75,3.0
office28_960_246_aout,960,246,a,1.265,3.82,1.255,0.0,2.93,2.84,1.255,90.0,4.38,2.84,1.255,90.0,4.42,4.76,1.255,270.0,2.97,4.76,1.255,270.0,9.5,6.0,4.75,3.0
office28_960_164_aout,960,164,a,1.265,3.82,1.255,0.0,2.93,2.84,1.255,90.0,4.38,2.84,1.255,90.0,4.42,4.76,1.255,270.0,2.97,4.76,1.255,270.0,9.5,6.0,4.75,3.0
office28_0_164_bout,0,164,b,1.265,3.82,1.255,0.0,2.93,2.84,1.255,90.0,4.38,2.84,1.255,90.0,4.42,4.76,1.255,270.0,2.97,4.76,1.255,270.0,9.5,6.0,4.75,3.0
office28_0_246_bout,0,246,b,1.265,3.82,1.255,0.0,2.93,2.84,1.255,90.0,4.38,2.84,1.255,90.0,4.42,4.76,1.255,270.0,2.97,4.76,1.255,270.0,9.5,6.0,4.75,3.0
office28_960_82_bout,960,82,b,1.265,3.82,1.255,0.0,2.93,2.84,1.255,90.0,4.38,2.84,1.255,90.0,4.42,4.76,1.255,270.0,2.97,4.76,1.255,270.0,9.5,6.0,4.75,3.0
office28_660_0,660,0,off,1.265,3.82,1.255,0.0,2.93,2.84,1.255,90.0,4.38,2.84,1.255,90.0,4.42,4.76,1.255,270.0,2.97,4.76,1.255,270.0,9.5,6.0,4.75,3.0
office28_360_246_aout,360,246,a,1.265,3.82,1.255,0.0,2.93,2.84,1.255,90.0,4.38,2.84,1.255,90.0,4.42,4.76,1.255,270.0,2.97,4.76,1.255,270.0,9.5,6.0,4.75,3.0
office28_960_0,960,0,off,1.265,3.82,1.255,0.0,2.93,2.84,1.255,90.0,4.38,2.84,1.255,90.0,4.42,4.76,1.255,270.0,2.97,4.76,1.255,270.0,9.5,6.0,4.75,3.0
office28_960_246_bout,960,246,b,1.265,3.82,1.255,0.0,2.93,2.84,1.255,90.0,4.38,2.84,1.255,90.0,4.42,4.76,1.255,270.0,2.97,4.76,1.255,270.0,9.5,6.0,4.75,3.0
office3_960_164_aout,960,164,a,5.016,0.94,1.255,0.0,5.016,2.39,1.255,0.0,5.016,3.84,1.255,0.0,0.985,1.99,1.255,180.0,0.985,0.54,1.255,180.0,6.0,5.5,3.0,2.75
office3_960_82_bout,960,82,b,5.016,0.94,1.255,0.0,5.016,2.39,1.255,0.0,5.016,3.84,1.255,0.0,0.985,1.99,1.255,180.0,0.985,0.54,1.255,180.0,6.0,5.5,3.0,2.75
office3_960_246_bout,960,246,b,5.016,0.94,1.255,0.0,5.016,2.39,1.255,0.0,5.016,3.84,1.255,0.0,0.985,1.99,1.255,180.0,0.985,0.54,1.255,180.0,6.0,5.5,3.0,2.75
office3_660_164_bout,660,164,b,5.016,0.94,1.255,0.0,5.016,2.39,1.255,0.0,5.016,3.84,1.255,0.0,0.985,1.99,1.255,180.0,0.985,0.54,1.255,180.0,6.0,5.5,3.0,2.75
office3_0_164_bout,0,164,b,5.016,0.94,1.255,0.0,5.016,2.39,1.255,0.0,5.016,3.84,1.255,0.0,0.985,1.99,1.255,180.0,0.985,0.54,1.255,180.0,6.0,5.5,3.0,2.75
office3_0_82_aout,0,82,a,5.016,0.94,1.255,0.0,5.016,2.39,1.255,0.0,5.016,3.84,1.255,0.0,0.985,1.99,1.255,180.0,0.985,0.54,1.255,180.0,6.0,5.5,3.0,2.75
office3_960_82_aout,960,82,a,5.016,0.94,1.255,0.0,5.016,2.39,1.255,0.0,5.016,3.84,1.255,0.0,0.985,1.99,1.255,180.0,0.985,0.54,1.255,180.0,6.0,5.5,3.0,2.75
office3_0_246_bout,0,246,b,5.016,0.94,1.255,0.0,5.016,2.39,1.255,0.0,5.016,3.84,1.255,0.0,0.985,1.99,1.255,180.0,0.985,0.54,1.255,180.0,6.0,5.5,3.0,2.75
office3_0_0,0,0,off,5.016,0.94,1.255,0.0,5.016,2.39,1.255,0.0,5.016,3.84,1.255,0.0,0.985,1.99,1.255,180.0,0.985,0.54,1.255,180.0,6.0,5.5,3.0,2.75
office3_0_82_bout,0,82,b,5.016,0.94,1.255,0.0,5.016,2.39,1.255,0.0,5.016,3.84,1.255,0.0,0.985,1.99,1.255,180.0,0.985,0.54,1.255,180.0,6.0,5.5,3.0,2.75
office3_660_246_bout,660,246,b,5.016,0.94,1.255,0.0,5.016,2.39,1.255,0.0,5.016,3.84,1.255,0.0,0.985,1.99,1.255,180.0,0.985,0.54,1.255,180.0,6.0,5.5,3.0,2.75
office3_0_246_aout,0,246,a,5.016,0.94,1.255,0.0,5.016,2.39,1.255,0.0,5.016,3.84,1.255,0.0,0.985,1.99,1.255,180.0,0.985,0.54,1.255,180.0,6.0,5.5,3.0,2.75
office3_660_164_aout,660,164,a,5.016,0.94,1.255,0.0,5.016,2.39,1.255,0.0,5.016,3.84,1.255,0.0,0.985,1.99,1.255,180.0,0.985,0.54,1.255,180.0,6.0,5.5,3.0,2.75
office3_360_82_aout,360,82,a,5.016,0.94,1.255,0.0,5.016,2.39,1.255,0.0,5.016,3.84,1.255,0.0,0.985,1.99,1.255,180.0,0.985,0.54,1.255,180.0,6.0,5.5,3.0,2.75
office3_660_246_aout,660,246,a,5.016,0.94,1.255,0.0,5.016,2.39,1.255,0.0,5.016,3.84,1.255,0.0,0.985,1.99,1.255,180.0,0.985,0.54,1.255,180.0,6.0,5.5,3.0,2.75
office3_660_82_bout,660,82,b,5.016,0.94,1.255,0.0,5.016,2.39,1.255,0.0,5.016,3.84,1.255,0.0,0.985,1.99,1.255,180.0,0.985,0.54,1.255,180.0,6.0,5.5,3.0,2.75
office3_360_164_aout,360,164,a,5.016,0.94,1.255,0.0,5.016,2.39,1.255,0.0,5.016,3.84,1.255,0.0,0.985,1.99,1.255,180.0,0.985,0.54,1.255,180.0,6.0,5.5,3.0,2.75
office3_360_0,360,0,off,5.016,0.94,1.255,0.0,5.016,2.39,1.255,0.0,5.016,3.84,1.255,0.0,0.985,1.99,1.255,180.0,0.985,0.54,1.255,180.0,6.0,5.5,3.0,2.75
office3_960_0,960,0,off,5.016,0.94,1.255,0.0,5.016,2.39,1.255,0.0,5.016,3.84,1.255,0.0,0.985,1.99,1.255,180.0,0.985,0.54,1.255,180.0,6.0,5.5,3.0,2.75
office3_660_82_aout,660,82,a,5.016,0.94,1.255,0.0,5.016,2.39,1.255,0.0,5.016,3.84,1.255,0.0,0.985,1.99,1.255,180.0,0.985,0.54,1.255,180.0,6.0,5.5,3.0,2.75
office3_0_164_aout,0,164,a,5.016,0.94,1.255,0.0,5.016,2.39,1.255,0.0,5.016,3.84,1.255,0.0,0.985,1.99,1.255,180.0,0.985,0.54,1.255,180.0,6.0,5.5,3.0,2.75
office3_360_246_bout,360,246,b,5.016,0.94,1.255,0.0,5.016,2.39,1.255,0.0,5.016,3.84,1.255,0.0,0.985,1.99,1.255,180.0,0.985,0.54,1.255,180.0,6.0,5.5,3.0,2.75
office3_960_246_aout,960,246,a,5.016,0.94,1.255,0.0,5.016,2.39,1.255,0.0,5.016,3.84,1.255,0.0,0.985,1.99,1.255,180.0,0.985,0.54,1.255,180.0,6.0,5.5,3.0,2.75
office3_960_164_bout,960,164,b,5.016,0.94,1.255,0.0,5.016,2.39,1.255,0.0,5.016,3.84,1.255,0.0,0.985,1.99,1.255,180.0,0.985,0.54,1.255,180.0,6.0,5.5,3.0,2.75
office3_360_246_aout,360,246,a,5.016,0.94,1.255,0.0,5.016,2.39,1.255,0.0,5.016,3.84,1.255,0.0,0.985,1.99,1.255,180.0,0.985,0.54,1.255,180.0,6.0,5.5,3.0,2.75
office3_360_164_bout,360,164,b,5.016,0.94,1.255,0.0,5.016,2.39,1.255,0.0,5.016,3.84,1.255,0.0,0.985,1.99,1.255,180.0,0.985,0.54,1.255,180.0,6.0,5.5,3.0,2.75
office3_660_0,660,0,off,5.016,0.94,1.255,0.0,5.016,2.39,1.255,0.0,5.016,3.84,1.255,0.0,0.985,1.99,1.255,180.0,0.985,0.54,1.255,180.0,6.0,5.5,3.0,2.75
office3_360_82_bout,360,82,b,5.016,0.94,1.255,0.0,5.016,2.39,1.255,0.0,5.016,3.84,1.255,0.0,0.985,1.99,1.255,180.0,0.985,0.54,1.255,180.0,6.0,5.5,3.0,2.75
office7_360_164_bout,360,164,b,1.266,2.29,1.255,0.0,3.14,3.059,1.255,270.0,4.59,3.059,1.255,270.0,4.21,1.141,1.255,90.0,2.76,1.141,1.255,90.0,9.0,4.0,4.5,2.0
office7_660_246_aout,660,246,a,1.266,2.29,1.255,0.0,3.14,3.059,1.255,270.0,4.59,3.059,1.255,270.0,4.21,1.141,1.255,90.0,2.76,1.141,1.255,90.0,9.0,4.0,4.5,2.0
office7_660_82_bout,660,82,b,1.266,2.29,1.255,0.0,3.14,3.059,1.255,270.0,4.59,3.059,1.255,270.0,4.21,1.141,1.255,90.0,2.76,1.141,1.255,90.0,9.0,4.0,4.5,2.0
office7_660_82_aout,660,82,a,1.266,2.29,1.255,0.0,3.14,3.059,1.255,270.0,4.59,3.059,1.255,270.0,4.21,1.141,1.255,90.0,2.76,1.141,1.255,90.0,9.0,4.0,4.5,2.0
office7_660_164_bout,660,164,b,1.266,2.29,1.255,0.0,3.14,3.059,1.255,270.0,4.59,3.059,1.255,270.0,4.21,1.141,1.255,90.0,2.76,1.141,1.255,90.0,9.0,4.0,4.5,2.0
office7_0_164_aout,0,164,a,1.266,2.29,1.255,0.0,3.14,3.059,1.255,270.0,4.59,3.059,1.255,270.0,4.21,1.141,1.255,90.0,2.76,1.141,1.255,90.0,9.0,4.0,4.5,2.0
office7_0_82_aout,0,82,a,1.266,2.29,1.255,0.0,3.14,3.059,1.255,270.0,4.59,3.059,1.255,270.0,4.21,1.141,1.255,90.0,2.76,1.141,1.255,90.0,9.0,4.0,4.5,2.0
office7_660_164_aout,660,164,a,1.266,2.29,1.255,0.0,3.14,3.059,1.255,270.0,4.59,3.059,1.255,270.0,4.21,1.141,1.255,90.0,2.76,1.141,1.255,90.0,9.0,4.0,4.5,2.0
office7_660_246_bout,660,246,b,1.266,2.29,1.255,0.0,3.14,3.059,1.255,270.0,4.59,3.059,1.255,270.0,4.21,1.141,1.255,90.0,2.76,1.141,1.255,90.0,9.0,4.0,4.5,2.0
office7_360_246_bout,360,246,b,1.266,2.29,1.255,0.0,3.14,3.059,1.255,270.0,4.59,3.059,1.255,270.0,4.21,1.141,1.255,90.0,2.76,1.141,1.255,90.0,9.0,4.0,4.5,2.0
office7_960_82_aout,960,82,a,1.266,2.29,1.255,0.0,3.14,3.059,1.255,270.0,4.59,3.059,1.255,270.0,4.21,1.141,1.255,90.0,2.76,1.141,1.255,90.0,9.0,4.0,4.5,2.0
office7_360_82_bout,360,82,b,1.266,2.29,1.255,0.0,3.14,3.059,1.255,270.0,4.59,3.059,1.255,270.0,4.21,1.141,1.255,90.0,2.76,1.141,1.255,90.0,9.0,4.0,4.5,2.0
office7_360_82_aout,360,82,a,1.266,2.29,1.255,0.0,3.14,3.059,1.255,270.0,4.59,3.059,1.255,270.0,4.21,1.141,1.255,90.0,2.76,1.141,1.255,90.0,9.0,4.0,4.5,2.0
office7_0_0,0,0,off,1.266,2.29,1.255,0.0,3.14,3.059,1.255,270.0,4.59,3.059,1.255,270.0,4.21,1.141,1.255,90.0,2.76,1.141,1.255,90.0,9.0,4.0,4.5,2.0
office7_960_164_bout,960,164,b,1.266,2.29,1.255,0.0,3.14,3.059,1.255,270.0,4.59,3.059,1.255,270.0,4.21,1.141,1.255,90.0,2.76,1.141,1.255,90.0,9.0,4.0,4.5,2.0
office7_0_246_aout,0,246,a,1.266,2.29,1.255,0.0,3.14,3.059,1.255,270.0,4.59,3.059,1.255,270.0,4.21,1.141,1.255,90.0,2.76,1.141,1.255,90.0,9.0,4.0,4.5,2.0
office7_360_164_aout,360,164,a,1.266,2.29,1.255,0.0,3.14,3.059,1.255,270.0,4.59,3.059,1.255,270.0,4.21,1.141,1.255,90.0,2.76,1.141,1.255,90.0,9.0,4.0,4.5,2.0
office7_360_0,360,0,off,1.266,2.29,1.255,0.0,3.14,3.059,1.255,270.0,4.59,3.059,1.255,270.0,4.21,1.141,1.255,90.0,2.76,1.141,1.255,90.0,9.0,4.0,4.5,2.0
office7_0_82_bout,0,82,b,1.266,2.29,1.255,0.0,3.14,3.059,1.255,270.0,4.59,3.059,1.255,270.0,4.21,1.141,1.255,90.0,2.76,1.141,1.255,90.0,9.0,4.0,4.5,2.0
office7_960_246_aout,960,246,a,1.266,2.29,1.255,0.0,3.14,3.059,1.255,270.0,4.59,3.059,1.255,270.0,4.21,1.141,1.255,90.0,2.76,1.141,1.255,90.0,9.0,4.0,4.5,2.0
office7_960_164_aout,960,164,a,1.266,2.29,1.255,0.0,3.14,3.059,1.255,270.0,4.59,3.059,1.255,270.0,4.21,1.141,1.255,90.0,2.76,1.141,1.255,90.0,9.0,4.0,4.5,2.0
office7_0_164_bout,0,164,b,1.266,2.29,1.255,0.0,3.14,3.059,1.255,270.0,4.59,3.059,1.255,270.0,4.21,1.141,1.255,90.0,2.76,1.141,1.255,90.0,9.0,4.0,4.5,2.0
office7_0_246_bout,0,246,b,1.266,2.29,1.255,0.0,3.14,3.059,1.255,270.0,4.59,3.059,1.255,270.0,4.21,1.141,1.255,90.0,2.76,1.141,1.255,90.0,9.0,4.0,4.5,2.0
office7_960_82_bout,960,82,b,1.266,2.29,1.255,0.0,3.14,3.059,1.255,270.0,4.59,3.059,1.255,270.0,4.21,1.141,1.255,90.0,2.76,1.141,1.255,90.0,9.0,4.0,4.5,2.0
office7_660_0,660,0,off,1.266,2.29,1.255,0.0,3.14,3.059,1.255,270.0,4.59,3.059,1.255,270.0,4.21,1.141,1.255,90.0,2.76,1.141,1.255,90.0,9.0,4.0,4.5,2.0
office7_360_246_aout,360,246,a,1.266,2.29,1.255,0.0,3.14,3.059,1.255,270.0,4.59,3.059,1.255,270.0,4.21,1.141,1.255,90.0,2.76,1.141,1.255,90.0,9.0,4.0,4.5,2.0
office7_960_0,960,0,off,1.266,2.29,1.255,0.0,3.14,3.059,1.255,270.0,4.59,3.059,1.255,270.0,4.21,1.141,1.255,90.0,2.76,1.141,1.255,90.0,9.0,4.0,4.5,2.0
office7_960_246_bout,960,246,b,1.266,2.29,1.255,0.0,3.14,3.059,1.255,270.0,4.59,3.059,1.255,270.0,4.21,1.141,1.255,90.0,2.76,1.141,1.255,90.0,9.0,4.0,4.5,2.0
office4_360_164_bout,360,164,b,5.034,4.515,1.255,90.0,3.59,4.515,1.255,90.0,2.54,0.984,1.255,270.0,3.99,0.984,1.255,270.0,5.44,0.984,1.255,270.0,6.0,5.5,,
office4_660_246_aout,660,246,a,5.034,4.515,1.255,90.0,3.59,4.515,1.255,90.0,2.54,0.984,1.255,270.0,3.99,0.984,1.255,270.0,5.44,0.984,1.255,270.0,6.0,5.5,,
office4_660_82_bout,660,82,b,5.034,4.515,1.255,90.0,3.59,4.515,1.255,90.0,2.54,0.984,1.255,270.0,3.99,0.984,1.255,270.0,5.44,0.984,1.255,270.0,6.0,5.5,,
office4_660_82_aout,660,82,a,5.034,4.515,1.255,90.0,3.59,4.515,1.255,90.0,2.54,0.984,1.255,270.0,3.99,0.984,1.255,270.0,5.44,0.984,1.255,270.0,6.0,5.5,,
office4_660_164_bout,660,164,b,5.034,4.515,1.255,90.0,3.59,4.515,1.255,90.0,2.54,0.984,1.255,270.0,3.99,0.984,1.255,270.0,5.44,0.984,1.255,270.0,6.0,5.5,,
office4_0_164_aout,0,164,a,5.034,4.515,1.255,90.0,3.59,4.515,1.255,90.0,2.54,0.984,1.255,270.0,3.99,0.984,1.255,270.0,5.44,0.984,1.255,270.0,6.0,5.5,,
office4_0_82_aout,0,82,a,5.034,4.515,1.255,90.0,3.59,4.515,1.255,90.0,2.54,0.984,1.255,270.0,3.99,0.984,1.255,270.0,5.44,0.984,1.255,270.0,6.0,5.5,,
office4_660_164_aout,660,164,a,5.034,4.515,1.255,90.0,3.59,4.515,1.255,90.0,2.54,0.984,1.255,270.0,3.99,0.984,1.255,270.0,5.44,0.984,1.255,270.0,6.0,5.5,,
office4_660_246_bout,660,246,b,5.034,4.515,1.255,90.0,3.59,4.515,1.255,90.0,2.54,0.984,1.255,270.0,3.99,0.984,1.255,270.0,5.44,0.984,1.255,270.0,6.0,5.5,,
office4_360_246_bout,360,246,b,5.034,4.515,1.255,90.0,3.59,4.515,1.255,90.0,2.54,0.984,1.255,270.0,3.99,0.984,1.255,270.0,5.44,0.984,1.255,270.0,6.0,5.5,,
office4_960_82_aout,960,82,a,5.034,4.515,1.255,90.0,3.59,4.515,1.255,90.0,2.54,0.984,1.255,270.0,3.99,0.984,1.255,270.0,5.44,0.984,1.255,270.0,6.0,5.5,,
office4_360_82_bout,360,82,b,5.034,4.515,1.255,90.0,3.59,4.515,1.255,90.0,2.54,0.984,1.255,270.0,3.99,0.984,1.255,270.0,5.44,0.984,1.255,270.0,6.0,5.5,,
office4_360_82_aout,360,82,a,5.034,4.515,1.255,90.0,3.59,4.515,1.255,90.0,2.54,0.984,1.255,270.0,3.99,0.984,1.255,270.0,5.44,0.984,1.255,270.0,6.0,5.5,,
office4_0_0,0,0,off,5.034,4.515,1.255,90.0,3.59,4.515,1.255,90.0,2.54,0.984,1.255,270.0,3.99,0.984,1.255,270.0,5.44,0.984,1.255,270.0,6.0,5.5,,
office4_960_164_bout,960,164,b,5.034,4.515,1.255,90.0,3.59,4.515,1.255,90.0,2.54,0.984,1.255,270.0,3.99,0.984,1.255,270.0,5.44,0.984,1.255,270.0,6.0,5.5,,
office4_0_246_aout,0,246,a,5.034,4.515,1.255,90.0,3.59,4.515,1.255,90.0,2.54,0.984,1.255,270.0,3.99,0.984,1.255,270.0,5.44,0.984,1.255,270.0,6.0,5.5,,
office4_360_164_aout,360,164,a,5.034,4.515,1.255,90.0,3.59,4.515,1.255,90.0,2.54,0.984,1.255,270.0,3.99,0.984,1.255,270.0,5.44,0.984,1.255,270.0,6.0,5.5,,
office4_360_0,360,0,off,5.034,4.515,1.255,90.0,3.59,4.515,1.255,90.0,2.54,0.984,1.255,270.0,3.99,0.984,1.255,270.0,5.44,0.984,1.255,270.0,6.0,5.5,,
office4_0_82_bout,0,82,b,5.034,4.515,1.255,90.0,3.59,4.515,1.255,90.0,2.54,0.984,1.255,270.0,3.99,0.984,1.255,270.0,5.44,0.984,1.255,270.0,6.0,5.5,,
office4_960_246_aout,960,246,a,5.034,4.515,1.255,90.0,3.59,4.515,1.255,90.0,2.54,0.984,1.255,270.0,3.99,0.984,1.255,270.0,5.44,0.984,1.255,270.0,6.0,5.5,,
office4_960_164_aout,960,164,a,5.034,4.515,1.255,90.0,3.59,4.515,1.255,90.0,2.54,0.984,1.255,270.0,3.99,0.984,1.255,270.0,5.44,0.984,1.255,270.0,6.0,5.5,,
office4_0_164_bout,0,164,b,5.034,4.515,1.255,90.0,3.59,4.515,1.255,90.0,2.54,0.984,1.255,270.0,3.99,0.984,1.255,270.0,5.44,0.984,1.255,270.0,6.0,5.5,,
office4_0_246_bout,0,246,b,5.034,4.515,1.255,90.0,3.59,4.515,1.255,90.0,2.54,0.984,1.255,270.0,3.99,0.984,1.255,270.0,5.44,0.984,1.255,270.0,6.0,5.5,,
office4_960_82_bout,960,82,b,5.034,4.515,1.255,90.0,3.59,4.515,1.255,90.0,2.54,0.984,1.255,270.0,3.99,0.984,1.255,270.0,5.44,0.984,1.255,270.0,6.0,5.5,,
office4_660_0,660,0,off,5.034,4.515,1.255,90.0,3.59,4.515,1.255,90.0,2.54,0.984,1.255,270.0,3.99,0.984,1.255,270.0,5.44,0.984,1.255,270.0,6.0,5.5,,
office4_360_246_aout,360,246,a,5.034,4.515,1.255,90.0,3.59,4.515,1.255,90.0,2.54,0.984,1.255,270.0,3.99,0.984,1.255,270.0,5.44,0.984,1.255,270.0,6.0,5.5,,
office4_960_0,960,0,off,5.034,4.515,1.255,90.0,3.59,4.515,1.255,90.0,2.54,0.984,1.255,270.0,3.99,0.984,1.255,270.0,5.44,0.984,1.255,270.0,6.0,5.5,,
office4_960_246_bout,960,246,b,5.034,4.515,1.255,90.0,3.59,4.515,1.255,90.0,2.54,0.984,1.255,270.0,3.99,0.984,1.255,270.0,5.44,0.984,1.255,270.0,6.0,5.5,,
office5_360_164_bout,360,164,b,4.19,3.575,1.255,90.0,2.74,3.575,1.255,90.0,1.31,1.266,1.255,90.0,2.76,1.266,1.255,90.0,4.21,1.266,1.255,90.0,6.0,5.5,,
office5_660_246_aout,660,246,a,4.19,3.575,1.255,90.0,2.74,3.575,1.255,90.0,1.31,1.266,1.255,90.0,2.76,1.266,1.255,90.0,4.21,1.266,1.255,90.0,6.0,5.5,,
office5_660_82_bout,660,82,b,4.19,3.575,1.255,90.0,2.74,3.575,1.255,90.0,1.31,1.266,1.255,90.0,2.76,1.266,1.255,90.0,4.21,1.266,1.255,90.0,6.0,5.5,,
office5_660_82_aout,660,82,a,4.19,3.575,1.255,90.0,2.74,3.575,1.255,90.0,1.31,1.266,1.255,90.0,2.76,1.266,1.255,90.0,4.21,1.266,1.255,90.0,6.0,5.5,,
office5_660_164_bout,660,164,b,4.19,3.575,1.255,90.0,2.74,3.575,1.255,90.0,1.31,1.266,1.255,90.0,2.76,1.266,1.255,90.0,4.21,1.266,1.255,90.0,6.0,5.5,,
office5_0_164_aout,0,164,a,4.19,3.575,1.255,90.0,2.74,3.575,1.255,90.0,1.31,1.266,1.255,90.0,2.76,1.266,1.255,90.0,4.21,1.266,1.255,90.0,6.0,5.5,,
office5_0_82_aout,0,82,a,4.19,3.575,1.255,90.0,2.74,3.575,1.255,90.0,1.31,1.266,1.255,90.0,2.76,1.266,1.255,90.0,4.21,1.266,1.255,90.0,6.0,5.5,,
office5_660_164_aout,660,164,a,4.19,3.575,1.255,90.0,2.74,3.575,1.255,90.0,1.31,1.266,1.255,90.0,2.76,1.266,1.255,90.0,4.21,1.266,1.255,90.0,6.0,5.5,,
office5_660_246_bout,660,246,b,4.19,3.575,1.255,90.0,2.74,3.575,1.255,90.0,1.31,1.266,1.255,90.0,2.76,1.266,1.255,90.0,4.21,1.266,1.255,90.0,6.0,5.5,,
office5_360_246_bout,360,246,b,4.19,3.575,1.255,90.0,2.74,3.575,1.255,90.0,1.31,1.266,1.255,90.0,2.76,1.266,1.255,90.0,4.21,1.266,1.255,90.0,6.0,5.5,,
office5_960_82_aout,960,82,a,4.19,3.575,1.255,90.0,2.74,3.575,1.255,90.0,1.31,1.266,1.255,90.0,2.76,1.266,1.255,90.0,4.21,1.266,1.255,90.0,6.0,5.5,,
office5_360_82_bout,360,82,b,4.19,3.575,1.255,90.0,2.74,3.575,1.255,90.0,1.31,1.266,1.255,90.0,2.76,1.266,1.255,90.0,4.21,1.266,1.255,90.0,6.0,5.5,,
office5_360_82_aout,360,82,a,4.19,3.575,1.255,90.0,2.74,3.575,1.255,90.0,1.31,1.266,1.255,90.0,2.76,1.266,1.255,90.0,4.21,1.266,1.255,90.0,6.0,5.5,,
office5_0_0,0,0,off,4.19,3.575,1.255,90.0,2.74,3.575,1.255,90.0,1.31,1.266,1.255,90.0,2.76,1.266,1.255,90.0,4.21,1.266,1.255,90.0,6.0,5.5,,
office5_960_164_bout,960,164,b,4.19,3.575,1.255,90.0,2.74,3.575,1.255,90.0,1.31,1.266,1.255,90.0,2.76,1.266,1.255,90.0,4.21,1.266,1.255,90.0,6.0,5.5,,
office5_0_246_aout,0,246,a,4.19,3.575,1.255,90.0,2.74,3.575,1.255,90.0,1.31,1.266,1.255,90.0,2.76,1.266,1.255,90.0,4.21,1.266,1.255,90.0,6.0,5.5,,
office5_360_164_aout,360,164,a,4.19,3.575,1.255,90.0,2.74,3.575,1.255,90.0,1.31,1.266,1.255,90.0,2.76,1.266,1.255,90.0,4.21,1.266,1.255,90.0,6.0,5.5,,
office5_360_0,360,0,off,4.19,3.575,1.255,90.0,2.74,3.575,1.255,90.0,1.31,1.266,1.255,90.0,2.76,1.266,1.255,90.0,4.21,1.266,1.255,90.0,6.0,5.5,,
office5_0_82_bout,0,82,b,4.19,3.575,1.255,90.0,2.74,3.575,1.255,90.0,1.31,1.266,1.255,90.0,2.76,1.266,1.255,90.0,4.21,1.266,1.255,90.0,6.0,5.5,,
office5_960_246_aout,960,246,a,4.19,3.575,1.255,90.0,2.74,3.575,1.255,90.0,1.31,1.266,1.255,90.0,2.76,1.266,1.255,90.0,4.21,1.266,1.255,90.0,6.0,5.5,,
office5_960_164_aout,960,164,a,4.19,3.575,1.255,90.0,2.74,3.575,1.255,90.0,1.31,1.266,1.255,90.0,2.76,1.266,1.255,90.0,4.21,1.266,1.255,90.0,6.0,5.5,,
office5_0_164_bout,0,164,b,4.19,3.575,1.255,90.0,2.74,3.575,1.255,90.0,1.31,1.266,1.255,90.0,2.76,1.266,1.255,90.0,4.21,1.266,1.255,90.0,6.0,5.5,,
office5_0_246_bout,0,246,b,4.19,3.575,1.255,90.0,2.74,3.575,1.255,90.0,1.31,1.266,1.255,90.0,2.76,1.266,1.255,90.0,4.21,1.266,1.255,90.0,6.0,5.5,,
office5_960_82_bout,960,82,b,4.19,3.575,1.255,90.0,2.74,3.575,1.255,90.0,1.31,1.266,1.255,90.0,2.76,1.266,1.255,90.0,4.21,1.266,1.255,90.0,6.0,5.5,,
office5_660_0,660,0,off,4.19,3.575,1.255,90.0,2.74,3.575,1.255,90.0,1.31,1.266,1.255,90.0,2.76,1.266,1.255,90.0,4.21,1.266,1.255,90.0,6.0,5.5,,
office5_360_246_aout,360,246,a,4.19,3.575,1.255,90.0,2.74,3.575,1.255,90.0,1.31,1.266,1.255,90.0,2.76,1.266,1.255,90.0,4.21,1.266,1.255,90.0,6.0,5.5,,
office5_960_0,960,0,off,4.19,3.575,1.255,90.0,2.74,3.575,1.255,90.0,1.31,1.266,1.255,90.0,2.76,1.266,1.255,90.0,4.21,1.266,1.255,90.0,6.0,5.5,,
office5_960_246_bout,960,246,b,4.19,3.575,1.255,90.0,2.74,3.575,1.255,90.0,1.31,1.266,1.255,90.0,2.76,1.266,1.255,90.0,4.21,1.266,1.255,90.0,6.0,5.5,,
office6_360_164_bout,360,164,b,4.734,0.81,1.255,180.0,4.734,2.26,1.255,180.0,4.734,3.71,1.255,180.0,2.984,2.26,1.255,180.0,2.984,0.81,1.255,180.0,6.0,5.5,,
office6_660_246_aout,660,246,a,4.734,0.81,1.255,180.0,4.734,2.26,1.255,180.0,4.734,3.71,1.255,180.0,2.984,2.26,1.255,180.0,2.984,0.81,1.255,180.0,6.0,5.5,,
office6_660_82_bout,660,82,b,4.734,0.81,1.255,180.0,4.734,2.26,1.255,180.0,4.734,3.71,1.255,180.0,2.984,2.26,1.255,180.0,2.984,0.81,1.255,180.0,6.0,5.5,,
office6_660_82_aout,660,82,a,4.734,0.81,1.255,180.0,4.734,2.26,1.255,180.0,4.734,3.71,1.255,180.0,2.984,2.26,1.255,180.0,2.984,0.81,1.255,180.0,6.0,5.5,,
office6_660_164_bout,660,164,b,4.734,0.81,1.255,180.0,4.734,2.26,1.255,180.0,4.734,3.71,1.255,180.0,2.984,2.26,1.255,180.0,2.984,0.81,1.255,180.0,6.0,5.5,,
office6_0_164_aout,0,164,a,4.734,0.81,1.255,180.0,4.734,2.26,1.255,180.0,4.734,3.71,1.255,180.0,2.984,2.26,1.255,180.0,2.984,0.81,1.255,180.0,6.0,5.5,,
office6_0_82_aout,0,82,a,4.734,0.81,1.255,180.0,4.734,2.26,1.255,180.0,4.734,3.71,1.255,180.0,2.984,2.26,1.255,180.0,2.984,0.81,1.255,180.0,6.0,5.5,,
office6_660_164_aout,660,164,a,4.734,0.81,1.255,180.0,4.734,2.26,1.255,180.0,4.734,3.71,1.255,180.0,2.984,2.26,1.255,180.0,2.984,0.81,1.255,180.0,6.0,5.5,,
office6_660_246_bout,660,246,b,4.734,0.81,1.255,180.0,4.734,2.26,1.255,180.0,4.734,3.71,1.255,180.0,2.984,2.26,1.255,180.0,2.984,0.81,1.255,180.0,6.0,5.5,,
office6_360_246_bout,360,246,b,4.734,0.81,1.255,180.0,4.734,2.26,1.255,180.0,4.734,3.71,1.255,180.0,2.984,2.26,1.255,180.0,2.984,0.81,1.255,180.0,6.0,5.5,,
office6_960_82_aout,960,82,a,4.734,0.81,1.255,180.0,4.734,2.26,1.255,180.0,4.734,3.71,1.255,180.0,2.984,2.26,1.255,180.0,2.984,0.81,1.255,180.0,6.0,5.5,,
office6_360_82_bout,360,82,b,4.734,0.81,1.255,180.0,4.734,2.26,1.255,180.0,4.734,3.71,1.255,180.0,2.984,2.26,1.255,180.0,2.984,0.81,1.255,180.0,6.0,5.5,,
office6_360_82_aout,360,82,a,4.734,0.81,1.255,180.0,4.734,2.26,1.255,180.0,4.734,3.71,1.255,180.0,2.984,2.26,1.255,180.0,2.984,0.81,1.255,180.0,6.0,5.5,,
office6_0_0,0,0,off,4.734,0.81,1.255,180.0,4.734,2.26,1.255,180.0,4.734,3.71,1.255,180.0,2.984,2.26,1.255,180.0,2.984,0.81,1.255,180.0,6.0,5.5,,
office6_960_164_bout,960,164,b,4.734,0.81,1.255,180.0,4.734,2.26,1.255,180.0,4.734,3.71,1.255,180.0,2.984,2.26,1.255,180.0,2.984,0.81,1.255,180.0,6.0,5.5,,
office6_0_246_aout,0,246,a,4.734,0.81,1.255,180.0,4.734,2.26,1.255,180.0,4.734,3.71,1.255,180.0,2.984,2.26,1.255,180.0,2.984,0.81,1.255,180.0,6.0,5.5,,
office6_360_164_aout,360,164,a,4.734,0.81,1.255,180.0,4.734,2.26,1.255,180.0,4.734,3.71,1.255,180.0,2.984,2.26,1.255,180.0,2.984,0.81,1.255,180.0,6.0,5.5,,
office6_360_0,360,0,off,4.734,0.81,1.255,180.0,4.734,2.26,1.255,180.0,4.734,3.71,1.255,180.0,2.984,2.26,1.255,180.0,2.984,0.81,1.255,180.0,6.0,5.5,,
office6_0_82_bout,0,82,b,4.734,0.81,1.255,180.0,4.734,2.26,1.255,180.0,4.734,3.71,1.255,180.0,2.984,2.26,1.255,180.0,2.984,0.81,1.255,180.0,6.0,5.5,,
office6_960_246_aout,960,246,a,4.734,0.81,1.255,180.0,4.734,2.26,1.255,180.0,4.734,3.71,1.255,180.0,2.984,2.26,1.255,180.0,2.984,0.81,1.255,180.0,6.0,5.5,,
office6_960_164_aout,960,164,a,4.734,0.81,1.255,180.0,4.734,2.26,1.255,180.0,4.734,3.71,1.255,180.0,2.984,2.26,1.255,180.0,2.984,0.81,1.255,180.0,6.0,5.5,,
office6_0_164_bout,0,164,b,4.734,0.81,1.255,180.0,4.734,2.26,1.255,180.0,4.734,3.71,1.255,180.0,2.984,2.26,1.255,180.0,2.984,0.81,1.255,180.0,6.0,5.5,,
office6_0_246_bout,0,246,b,4.734,0.81,1.255,180.0,4.734,2.26,1.255,180.0,4.734,3.71,1.255,180.0,2.984,2.26,1.255,180.0,2.984,0.81,1.255,180.0,6.0,5.5,,
office6_960_82_bout,960,82,b,4.734,0.81,1.255,180.0,4.734,2.26,1.255,180.0,4.734,3.71,1.255,180.0,2.984,2.26,1.255,180.0,2.984,0.81,1.255,180.0,6.0,5.5,,
office6_660_0,660,0,off,4.734,0.81,1.255,180.0,4.734,2.26,1.255,180.0,4.734,3.71,1.255,180.0,2.984,2.26,1.255,180.0,2.984,0.81,1.255,180.0,6.0,5.5,,
office6_360_246_aout,360,246,a,4.734,0.81,1.255,180.0,4.734,2.26,1.255,180.0,4.734,3.71,1.255,180.0,2.984,2.26,1.255,180.0,2.984,0.81,1.255,180.0,6.0,5.5,,
office6_960_0,960,0,off,4.734,0.81,1.255,180.0,4.734,2.26,1.255,180.0,4.734,3.71,1.255,180.0,2.984,2.26,1.255,180.0,2.984,0.81,1.255,180.0,6.0,5.5,,
office6_960_246_bout,960,246,b,4.734,0.81,1.255,180.0,4.734,2.26,1.255,180.0,4.734,3.71,1.255,180.0,2.984,2.26,1.255,180.0,2.984,0.81,1.255,180.0,6.0,5.5,,
office8_360_164_bout,360,164,b,0.56,3.016,1.255,90.0,2.01,3.016,1.255,90.0,0.94,0.984,1.255,270.0,2.39,0.984,1.255,270.0,3.84,0.984,1.255,270.0,9.0,4.0,,
office8_660_246_aout,660,246,a,0.56,3.016,1.255,90.0,2.01,3.016,1.255,90.0,0.94,0.984,1.255,270.0,2.39,0.984,1.255,270.0,3.84,0.984,1.255,270.0,9.0,4.0,,
office8_660_82_bout,660,82,b,0.56,3.016,1.255,90.0,2.01,3.016,1.255,90.0,0.94,0.984,1.255,270.0,2.39,0.984,1.255,270.0,3.84,0.984,1.255,270.0,9.0,4.0,,
office8_660_82_aout,660,82,a,0.56,3.016,1.255,90.0,2.01,3.016,1.255,90.0,0.94,0.984,1.255,270.0,2.39,0.984,1.255,270.0,3.84,0.984,1.255,270.0,9.0,4.0,,
office8_660_164_bout,660,164,b,0.56,3.016,1.255,90.0,2.01,3.016,1.255,90.0,0.94,0.984,1.255,270.0,2.39,0.984,1.255,270.0,3.84,0.984,1.255,270.0,9.0,4.0,,
office8_0_164_aout,0,164,a,0.56,3.016,1.255,90.0,2.01,3.016,1.255,90.0,0.94,0.984,1.255,270.0,2.39,0.984,1.255,270.0,3.84,0.984,1.255,270.0,9.0,4.0,,
office8_0_82_aout,0,82,a,0.56,3.016,1.255,90.0,2.01,3.016,1.255,90.0,0.94,0.984,1.255,270.0,2.39,0.984,1.255,270.0,3.84,0.984,1.255,270.0,9.0,4.0,,
office8_660_164_aout,660,164,a,0.56,3.016,1.255,90.0,2.01,3.016,1.255,90.0,0.94,0.984,1.255,270.0,2.39,0.984,1.255,270.0,3.84,0.984,1.255,270.0,9.0,4.0,,
office8_660_246_bout,660,246,b,0.56,3.016,1.255,90.0,2.01,3.016,1.255,90.0,0.94,0.984,1.255,270.0,2.39,0.984,1.255,270.0,3.84,0.984,1.255,270.0,9.0,4.0,,
office8_360_246_bout,360,246,b,0.56,3.016,1.255,90.0,2.01,3.016,1.255,90.0,0.94,0.984,1.255,270.0,2.39,0.984,1.255,270.0,3.84,0.984,1.255,270.0,9.0,4.0,,
office8_960_82_aout,960,82,a,0.56,3.016,1.255,90.0,2.01,3.016,1.255,90.0,0.94,0.984,1.255,270.0,2.39,0.984,1.255,270.0,3.84,0.984,1.255,270.0,9.0,4.0,,
office8_360_82_bout,360,82,b,0.56,3.016,1.255,90.0,2.01,3.016,1.255,90.0,0.94,0.984,1.255,270.0,2.39,0.984,1.255,270.0,3.84,0.984,1.255,270.0,9.0,4.0,,
office8_360_82_aout,360,82,a,0.56,3.016,1.255,90.0,2.01,3.016,1.255,90.0,0.94,0.984,1.255,270.0,2.39,0.984,1.255,270.0,3.84,0.984,1.255,270.0,9.0,4.0,,
office8_0_0,0,0,off,0.56,3.016,1.255,90.0,2.01,3.016,1.255,90.0,0.94,0.984,1.255,270.0,2.39,0.984,1.255,270.0,3.84,0.984,1.255,270.0,9.0,4.0,,
office8_960_164_bout,960,164,b,0.56,3.016,1.255,90.0,2.01,3.016,1.255,90.0,0.94,0.984,1.255,270.0,2.39,0.984,1.255,270.0,3.84,0.984,1.255,270.0,9.0,4.0,,
office8_0_246_aout,0,246,a,0.56,3.016,1.255,90.0,2.01,3.016,1.255,90.0,0.94,0.984,1.255,270.0,2.39,0.984,1.255,270.0,3.84,0.984,1.255,270.0,9.0,4.0,,
office8_360_164_aout,360,164,a,0.56,3.016,1.255,90.0,2.01,3.016,1.255,90.0,0.94,0.984,1.255,270.0,2.39,0.984,1.255,270.0,3.84,0.984,1.255,270.0,9.0,4.0,,
office8_360_0,360,0,off,0.56,3.016,1.255,90.0,2.01,3.016,1.255,90.0,0.94,0.984,1.255,270.0,2.39,0.984,1.255,270.0,3.84,0.984,1.255,270.0,9.0,4.0,,
office8_0_82_bout,0,82,b,0.56,3.016,1.255,90.0,2.01,3.016,1.255,90.0,0.94,0.984,1.255,270.0,2.39,0.984,1.255,270.0,3.84,0.984,1.255,270.0,9.0,4.0,,
office8_960_246_aout,960,246,a,0.56,3.016,1.255,90.0,2.01,3.016,1.255,90.0,0.94,0.984,1.255,270.0,2.39,0.984,1.255,270.0,3.84,0.984,1.255,270.0,9.0,4.0,,
office8_960_164_aout,960,164,a,0.56,3.016,1.255,90.0,2.01,3.016,1.255,90.0,0.94,0.984,1.255,270.0,2.39,0.984,1.255,270.0,3.84,0.984,1.255,270.0,9.0,4.0,,
office8_0_164_bout,0,164,b,0.56,3.016,1.255,90.0,2.01,3.016,1.255,90.0,0.94,0.984,1.255,270.0,2.39,0.984,1.255,270.0,3.84,0.984,1.255,270.0,9.0,4.0,,
office8_0_246_bout,0,246,b,0.56,3.016,1.255,90.0,2.01,3.016,1.255,90.0,0.94,0.984,1.255,270.0,2.39,0.984,1.255,270.0,3.84,0.984,1.255,270.0,9.0,4.0,,
office8_960_82_bout,960,82,b,0.56,3.016,1.255,90.0,2.01,3.016,1.255,90.0,0.94,0.984,1.255,270.0,2.39,0.984,1.255,270.0,3.84,0.984,1.255,270.0,9.0,4.0,,
office8_660_0,660,0,off,0.56,3.016,1.255,90.0,2.01,3.016,1.255,90.0,0.94,0.984,1.255,270.0,2.39,0.984,1.255,270.0,3.84,0.984,1.255,270.0,9.0,4.0,,
office8_360_246_aout,360,246,a,0.56,3.016,1.255,90.0,2.01,3.016,1.255,90.0,0.94,0.984,1.255,270.0,2.39,0.984,1.255,270.0,3.84,0.984,1.255,270.0,9.0,4.0,,
office8_960_0,960,0,off,0.56,3.016,1.255,90.0,2.01,3.016,1.255,90.0,0.94,0.984,1.255,270.0,2.39,0.984,1.255,270.0,3.84,0.984,1.255,270.0,9.0,4.0,,
office8_960_246_bout,960,246,b,0.56,3.016,1.255,90.0,2.01,3.016,1.255,90.0,0.94,0.984,1.255,270.0,2.39,0.984,1.255,270.0,3.84,0.984,1.255,270.0,9.0,4.0,,
office9_360_164_bout,360,164,b,1.266,2.39,1.255,0.0,1.266,0.94,1.255,0.0,3.016,2.39,1.255,0.0,3.016,0.94,1.255,0.0,4.766,0.94,1.255,0.0,9.0,4.0,,
office9_660_246_aout,660,246,a,1.266,2.39,1.255,0.0,1.266,0.94,1.255,0.0,3.016,2.39,1.255,0.0,3.016,0.94,1.255,0.0,4.766,0.94,1.255,0.0,9.0,4.0,,
office9_660_82_bout,660,82,b,1.266,2.39,1.255,0.0,1.266,0.94,1.255,0.0,3.016,2.39,1.255,0.0,3.016,0.94,1.255,0.0,4.766,0.94,1.255,0.0,9.0,4.0,,
office9_660_82_aout,660,82,a,1.266,2.39,1.255,0.0,1.266,0.94,1.255,0.0,3.016,2.39,1.255,0.0,3.016,0.94,1.255,0.0,4.766,0.94,1.255,0.0,9.0,4.0,,
office9_660_164_bout,660,164,b,1.266,2.39,1.255,0.0,1.266,0.94,1.255,0.0,3.016,2.39,1.255,0.0,3.016,0.94,1.255,0.0,4.766,0.94,1.255,0.0,9.0,4.0,,
office9_0_164_aout,0,164,a,1.266,2.39,1.255,0.0,1.266,0.94,1.255,0.0,3.016,2.39,1.255,0.0,3.016,0.94,1.255,0.0,4.766,0.94,1.255,0.0,9.0,4.0,,
office9_0_82_aout,0,82,a,1.266,2.39,1.255,0.0,1.266,0.94,1.255,0.0,3.016,2.39,1.255,0.0,3.016,0.94,1.255,0.0,4.766,0.94,1.255,0.0,9.0,4.0,,
office9_660_164_aout,660,164,a,1.266,2.39,1.255,0.0,1.266,0.94,1.255,0.0,3.016,2.39,1.255,0.0,3.016,0.94,1.255,0.0,4.766,0.94,1.255,0.0,9.0,4.0,,
office9_660_246_bout,660,246,b,1.266,2.39,1.255,0.0,1.266,0.94,1.255,0.0,3.016,2.39,1.255,0.0,3.016,0.94,1.255,0.0,4.766,0.94,1.255,0.0,9.0,4.0,,
office9_360_246_bout,360,246,b,1.266,2.39,1.255,0.0,1.266,0.94,1.255,0.0,3.016,2.39,1.255,0.0,3.016,0.94,1.255,0.0,4.766,0.94,1.255,0.0,9.0,4.0,,
office9_960_82_aout,960,82,a,1.266,2.39,1.255,0.0,1.266,0.94,1.255,0.0,3.016,2.39,1.255,0.0,3.016,0.94,1.255,0.0,4.766,0.94,1.255,0.0,9.0,4.0,,
office9_360_82_bout,360,82,b,1.266,2.39,1.255,0.0,1.266,0.94,1.255,0.0,3.016,2.39,1.255,0.0,3.016,0.94,1.255,0.0,4.766,0.94,1.255,0.0,9.0,4.0,,
office9_360_82_aout,360,82,a,1.266,2.39,1.255,0.0,1.266,0.94,1.255,0.0,3.016,2.39,1.255,0.0,3.016,0.94,1.255,0.0,4.766,0.94,1.255,0.0,9.0,4.0,,
office9_0_0,0,0,off,1.266,2.39,1.255,0.0,1.266,0.94,1.255,0.0,3.016,2.39,1.255,0.0,3.016,0.94,1.255,0.0,4.766,0.94,1.255,0.0,9.0,4.0,,
office9_960_164_bout,960,164,b,1.266,2.39,1.255,0.0,1.266,0.94,1.255,0.0,3.016,2.39,1.255,0.0,3.016,0.94,1.255,0.0,4.766,0.94,1.255,0.0,9.0,4.0,,
office9_0_246_aout,0,246,a,1.266,2.39,1.255,0.0,1.266,0.94,1.255,0.0,3.016,2.39,1.255,0.0,3.016,0.94,1.255,0.0,4.766,0.94,1.255,0.0,9.0,4.0,,
office9_360_164_aout,360,164,a,1.266,2.39,1.255,0.0,1.266,0.94,1.255,0.0,3.016,2.39,1.255,0.0,3.016,0.94,1.255,0.0,4.766,0.94,1.255,0.0,9.0,4.0,,
office9_360_0,360,0,off,1.266,2.39,1.255,0.0,1.266,0.94,1.255,0.0,3.016,2.39,1.255,0.0,3.016,0.94,1.255,0.0,4.766,0.94,1.255,0.0,9.0,4.0,,
office9_0_82_bout,0,82,b,1.266,2.39,1.255,0.0,1.266,0.94,1.255,0.0,3.016,2.39,1.255,0.0,3.016,0.94,1.255,0.0,4.766,0.94,1.255,0.0,9.0,4.0,,
office9_960_246_aout,960,246,a,1.266,2.39,1.255,0.0,1.266,0.94,1.255,0.0,3.016,2.39,1.255,0.0,3.016,0.94,1.255,0.0,4.766,0.94,1.255,0.0,9.0,4.0,,
office9_960_164_aout,960,164,a,1.266,2.39,1.255,0.0,1.266,0.94,1.255,0.0,3.016,2.39,1.255,0.0,3.016,0.94,1.255,0.0,4.766,0.94,1.255,0.0,9.0,4.0,,
office9_0_164_bout,0,164,b,1.266,2.39,1.255,0.0,1.266,0.94,1.255,0.0,3.016,2.39,1.255,0.0,3.016,0.94,1.255,0.0,4.766,0.94,1.255,0.0,9.0,4.0,,
office9_0_246_bout,0,246,b,1.266,2.39,1.255,0.0,1.266,0.94,1.255,0.0,3.016,2.39,1.255,0.0,3.016,0.94,1.255,0.0,4.766,0.94,1.255,0.0,9.0,4.0,,
office9_960_82_bout,960,82,b,1.266,2.39,1.255,0.0,1.266,0.94,1.255,0.0,3.016,2.39,1.255,0.0,3.016,0.94,1.255,0.0,4.766,0.94,1.255,0.0,9.0,4.0,,
office9_660_0,660,0,off,1.266,2.39,1.255,0.0,1.266,0.94,1.255,0.0,3.016,2.39,1.255,0.0,3.016,0.94,1.255,0.0,4.766,0.94,1.255,0.0,9.0,4.0,,
office9_360_246_aout,360,246,a,1.266,2.39,1.255,0.0,1.266,0.94,1.255,0.0,3.016,2.39,1.255,0.0,3.016,0.94,1.255,0.0,4.766,0.94,1.255,0.0,9.0,4.0,,
office9_960_0,960,0,off,1.266,2.39,1.255,0.0,1.266,0.94,1.255,0.0,3.016,2.39,1.255,0.0,3.016,0.94,1.255,0.0,4.766,0.94,1.255,0.0,9.0,4.0,,
office9_960_246_bout,960,246,b,1.266,2.39,1.255,0.0,1.266,0.94,1.255,0.0,3.016,2.39,1.255,0.0,3.016,0.94,1.255,0.0,4.766,0.94,1.255,0.0,9.0,4.0,,
office14_360_164_bout,360,164,b,1.91,3.166,1.255,90.0,3.36,3.166,1.255,90.0,1.91,1.266,1.255,90.0,3.36,1.266,1.255,90.0,4.81,1.266,1.255,90.0,7.0,6.0,,
office14_660_246_aout,660,246,a,1.91,3.166,1.255,90.0,3.36,3.166,1.255,90.0,1.91,1.266,1.255,90.0,3.36,1.266,1.255,90.0,4.81,1.266,1.255,90.0,7.0,6.0,,
office14_660_82_bout,660,82,b,1.91,3.166,1.255,90.0,3.36,3.166,1.255,90.0,1.91,1.266,1.255,90.0,3.36,1.266,1.255,90.0,4.81,1.266,1.255,90.0,7.0,6.0,,
office14_660_82_aout,660,82,a,1.91,3.166,1.255,90.0,3.36,3.166,1.255,90.0,1.91,1.266,1.255,90.0,3.36,1.266,1.255,90.0,4.81,1.266,1.255,90.0,7.0,6.0,,
office14_660_164_bout,660,164,b,1.91,3.166,1.255,90.0,3.36,3.166,1.255,90.0,1.91,1.266,1.255,90.0,3.36,1.266,1.255,90.0,4.81,1.266,1.255,90.0,7.0,6.0,,
office14_0_164_aout,0,164,a,1.91,3.166,1.255,90.0,3.36,3.166,1.255,90.0,1.91,1.266,1.255,90.0,3.36,1.266,1.255,90.0,4.81,1.266,1.255,90.0,7.0,6.0,,
office14_0_82_aout,0,82,a,1.91,3.166,1.255,90.0,3.36,3.166,1.255,90.0,1.91,1.266,1.255,90.0,3.36,1.266,1.255,90.0,4.81,1.266,1.255,90.0,7.0,6.0,,
office14_660_164_aout,660,164,a,1.91,3.166,1.255,90.0,3.36,3.166,1.255,90.0,1.91,1.266,1.255,90.0,3.36,1.266,1.255,90.0,4.81,1.266,1.255,90.0,7.0,6.0,,
office14_660_246_bout,660,246,b,1.91,3.166,1.255,90.0,3.36,3.166,1.255,90.0,1.91,1.266,1.255,90.0,3.36,1.266,1.255,90.0,4.81,1.266,1.255,90.0,7.0,6.0,,
office14_360_246_bout,360,246,b,1.91,3.166,1.255,90.0,3.36,3.166,1.255,90.0,1.91,1.266,1.255,90.0,3.36,1.266,1.255,90.0,4.81,1.266,1.255,90.0,7.0,6.0,,
office14_960_82_aout,960,82,a,1.91,3.166,1.255,90.0,3.36,3.166,1.255,90.0,1.91,1.266,1.255,90.0,3.36,1.266,1.255,90.0,4.81,1.266,1.255,90.0,7.0,6.0,,
office14_360_82_bout,360,82,b,1.91,3.166,1.255,90.0,3.36,3.166,1.255,90.0,1.91,1.266,1.255,90.0,3.36,1.266,1.255,90.0,4.81,1.266,1.255,90.0,7.0,6.0,,
office14_360_82_aout,360,82,a,1.91,3.166,1.255,90.0,3.36,3.166,1.255,90.0,1.91,1.266,1.255,90.0,3.36,1.266,1.255,90.0,4.81,1.266,1.255,90.0,7.0,6.0,,
office14_0_0,0,0,off,1.91,3.166,1.255,90.0,3.36,3.166,1.255,90.0,1.91,1.266,1.255,90.0,3.36,1.266,1.255,90.0,4.81,1.266,1.255,90.0,7.0,6.0,,
office14_960_164_bout,960,164,b,1.91,3.166,1.255,90.0,3.36,3.166,1.255,90.0,1.91,1.266,1.255,90.0,3.36,1.266,1.255,90.0,4.81,1.266,1.255,90.0,7.0,6.0,,
office14_0_246_aout,0,246,a,1.91,3.166,1.255,90.0,3.36,3.166,1.255,90.0,1.91,1.266,1.255,90.0,3.36,1.266,1.255,90.0,4.81,1.266,1.255,90.0,7.0,6.0,,
office14_360_164_aout,360,164,a,1.91,3.166,1.255,90.0,3.36,3.166,1.255,90.0,1.91,1.266,1.255,90.0,3.36,1.266,1.255,90.0,4.81,1.266,1.255,90.0,7.0,6.0,,
office14_360_0,360,0,off,1.91,3.166,1.255,90.0,3.36,3.166,1.255,90.0,1.91,1.266,1.255,90.0,3.36,1.266,1.255,90.0,4.81,1.266,1.255,90.0,7.0,6.0,,
office14_0_82_bout,0,82,b,1.91,3.166,1.255,90.0,3.36,3.166,1.255,90.0,1.91,1.266,1.255,90.0,3.36,1.266,1.255,90.0,4.81,1.266,1.255,90.0,7.0,6.0,,
office14_960_246_aout,960,246,a,1.91,3.166,1.255,90.0,3.36,3.166,1.255,90.0,1.91,1.266,1.255,90.0,3.36,1.266,1.255,90.0,4.81,1.266,1.255,90.0,7.0,6.0,,
office14_960_164_aout,960,164,a,1.91,3.166,1.255,90.0,3.36,3.166,1.255,90.0,1.91,1.266,1.255,90.0,3.36,1.266,1.255,90.0,4.81,1.266,1.255,90.0,7.0,6.0,,
office14_0_164_bout,0,164,b,1.91,3.166,1.255,90.0,3.36,3.166,1.255,90.0,1.91,1.266,1.255,90.0,3.36,1.266,1.255,90.0,4.81,1.266,1.255,90.0,7.0,6.0,,
office14_0_246_bout,0,246,b,1.91,3.166,1.255,90.0,3.36,3.166,1.255,90.0,1.91,1.266,1.255,90.0,3.36,1.266,1.255,90.0,4.81,1.266,1.255,90.0,7.0,6.0,,
office14_960_82_bout,960,82,b,1.91,3.166,1.255,90.0,3.36,3.166,1.255,90.0,1.91,1.266,1.255,90.0,3.36,1.266,1.255,90.0,4.81,1.266,1.255,90.0,7.0,6.0,,
office14_660_0,660,0,off,1.91,3.166,1.255,90.0,3.36,3.166,1.255,90.0,1.91,1.266,1.255,90.0,3.36,1.266,1.255,90.0,4.81,1.266,1.255,90.0,7.0,6.0,,
office14_360_246_aout,360,246,a,1.91,3.166,1.255,90.0,3.36,3.166,1.255,90.0,1.91,1.266,1.255,90.0,3.36,1.266,1.255,90.0,4.81,1.266,1.255,90.0,7.0,6.0,,
office14_960_0,960,0,off,1.91,3.166,1.255,90.0,3.36,3.166,1.255,90.0,1.91,1.266,1.255,90.0,3.36,1.266,1.255,90.0,4.81,1.266,1.255,90.0,7.0,6.0,,
office14_960_246_bout,960,246,b,1.91,3.166,1.255,90.0,3.36,3.166,1.255,90.0,1.91,1.266,1.255,90.0,3.36,1.266,1.255,90.0,4.81,1.266,1.255,90.0,7.0,6.0,,
